Date,GBPCM30Y:Swap Spread - Yield Yield
10/08/2019,27.129
10/07/2019,27.099
10/04/2019,26.560
10/03/2019,26.739
10/02/2019,25.813
10/01/2019,26.723
09/30/2019,28.504
09/27/2019,27.830
09/26/2019,27.535
09/25/2019,27.746
09/24/2019,26.904
09/23/2019,25.874
09/20/2019,26.912
09/19/2019,26.164
09/18/2019,27.025
09/17/2019,27.807
09/16/2019,27.811
09/13/2019,29.667
09/12/2019,30.688
09/11/2019,31.044
09/10/2019,32.865
09/09/2019,35.052
09/06/2019,34.257
09/05/2019,35.482
09/04/2019,35.935
09/03/2019,37.477
09/02/2019,36.810
08/30/2019,37.725
08/29/2019,35.904
08/28/2019,37.492
08/27/2019,35.319
08/26/2019,33.994
08/23/2019,33.994
08/22/2019,33.748
08/21/2019,33.608
08/20/2019,34.086
08/19/2019,33.953
08/16/2019,33.062
08/15/2019,31.347
08/14/2019,31.539
08/13/2019,31.974
08/12/2019,33.270
08/09/2019,33.257
08/08/2019,32.309
08/07/2019,32.931
08/06/2019,32.410
08/05/2019,32.159
08/02/2019,30.583
08/01/2019,29.232
07/31/2019,28.264
07/30/2019,27.569
07/29/2019,25.178
07/26/2019,24.843
07/25/2019,24.308
07/24/2019,23.716
07/23/2019,23.126
07/22/2019,22.695
07/19/2019,23.376
07/18/2019,23.832
07/17/2019,24.182
07/16/2019,24.475
07/15/2019,23.160
07/12/2019,23.529
07/11/2019,23.663
07/10/2019,23.992
07/09/2019,23.492
07/08/2019,23.903
07/05/2019,23.827
07/04/2019,24.165
07/03/2019,23.312
07/02/2019,24.473
07/01/2019,24.844
06/28/2019,25.518
06/27/2019,25.889
06/26/2019,25.165
06/25/2019,24.681
06/24/2019,24.462
06/21/2019,24.674
06/20/2019,25.934
06/19/2019,25.080
06/18/2019,25.292
06/17/2019,24.288
06/14/2019,23.078
06/13/2019,22.191
06/12/2019,23.642
06/11/2019,22.184
06/10/2019,22.232
06/07/2019,21.677
06/06/2019,21.689
06/05/2019,21.833
06/04/2019,22.150
06/03/2019,21.364
05/31/2019,21.139
05/30/2019,21.311
05/29/2019,21.417
05/28/2019,20.623
05/27/2019,20.927
05/24/2019,20.927
05/23/2019,21.589
05/22/2019,22.500
05/21/2019,22.202
05/20/2019,22.392
05/17/2019,22.148
05/16/2019,21.554
05/15/2019,21.679
05/14/2019,21.686
05/13/2019,22.185
05/10/2019,22.474
05/09/2019,21.070
05/08/2019,20.607
05/07/2019,20.458
05/06/2019,20.150
05/03/2019,20.150
05/02/2019,19.848
05/01/2019,20.348
04/30/2019,19.621
04/29/2019,19.930
04/26/2019,20.435
04/25/2019,20.047
04/24/2019,19.853
04/23/2019,18.762
04/22/2019,18.719
04/19/2019,18.719
04/18/2019,18.719
04/17/2019,18.090
04/16/2019,18.707
04/15/2019,18.216
04/12/2019,19.240
04/11/2019,19.622
04/10/2019,20.008
04/09/2019,19.503
04/08/2019,19.067
04/05/2019,18.027
04/04/2019,18.631
04/03/2019,18.009
04/02/2019,18.780
04/01/2019,19.057
03/29/2019,19.277
03/28/2019,19.713
03/27/2019,20.806
03/26/2019,21.615
03/25/2019,19.758
03/22/2019,18.691
03/21/2019,19.159
03/20/2019,17.916
03/19/2019,18.284
03/18/2019,18.647
03/15/2019,19.060
03/14/2019,19.160
03/13/2019,21.725
03/12/2019,20.112
03/11/2019,19.464
03/08/2019,19.312
03/07/2019,17.535
03/06/2019,15.746
03/05/2019,16.268
03/04/2019,15.729
03/01/2019,16.105
02/28/2019,17.436
02/27/2019,17.892
02/26/2019,19.189
02/25/2019,19.048
02/22/2019,18.200
02/21/2019,17.415
02/20/2019,18.534
02/19/2019,19.832
02/18/2019,18.752
02/15/2019,19.491
02/14/2019,19.512
02/13/2019,20.166
02/12/2019,20.902
02/11/2019,20.637
02/08/2019,20.065
02/07/2019,19.922
02/06/2019,18.752
02/05/2019,18.319
02/04/2019,19.017
02/01/2019,18.274
01/31/2019,17.565
01/30/2019,16.441
01/29/2019,16.863
01/28/2019,16.490
01/25/2019,17.792
01/24/2019,17.602
01/23/2019,18.191
01/22/2019,19.491
01/21/2019,19.379
01/18/2019,20.480
01/17/2019,20.229
01/16/2019,19.330
01/15/2019,20.031
01/14/2019,21.564
01/11/2019,22.887
01/10/2019,21.208
01/09/2019,22.189
01/08/2019,24.732
01/07/2019,23.702
01/04/2019,26.073
01/03/2019,26.096
01/02/2019,27.664
01/01/2019,28.450
12/31/2018,28.450
12/28/2018,26.691
12/27/2018,26.690
12/26/2018,25.639
12/25/2018,25.639
12/24/2018,25.639
12/21/2018,25.649
12/20/2018,23.447
12/19/2018,24.340
12/18/2018,23.657
12/17/2018,24.886
12/14/2018,23.493
12/13/2018,23.417
12/12/2018,23.945
12/11/2018,19.761
12/10/2018,15.275
12/07/2018,21.110
12/06/2018,22.499
12/05/2018,24.114
12/04/2018,24.134
12/03/2018,28.895
11/30/2018,29.602
11/29/2018,26.910
11/28/2018,28.408
11/27/2018,25.781
11/26/2018,23.146
11/23/2018,21.439
11/22/2018,21.473
11/21/2018,22.313
11/20/2018,22.659
11/19/2018,21.421
11/16/2018,20.281
11/15/2018,22.182
11/14/2018,18.129
11/13/2018,17.166
11/12/2018,16.186
11/09/2018,15.470
11/08/2018,15.367
11/07/2018,15.784
11/06/2018,16.211
11/05/2018,15.844
11/02/2018,15.486
11/01/2018,16.273
10/31/2018,17.333
10/30/2018,17.455
10/29/2018,18.869
10/26/2018,19.199
10/25/2018,17.732
10/24/2018,17.859
10/23/2018,17.134
10/22/2018,17.025
10/19/2018,16.957
10/18/2018,17.590
10/17/2018,18.022
10/16/2018,19.270
10/15/2018,18.479
10/12/2018,19.206
10/11/2018,18.783
10/10/2018,20.428
10/09/2018,19.924
10/08/2018,19.340
10/05/2018,20.754
10/04/2018,19.888
10/03/2018,19.811
10/02/2018,19.124
10/01/2018,18.674
09/28/2018,18.074
09/27/2018,18.080
09/26/2018,18.885
09/25/2018,20.426
09/24/2018,17.793
09/21/2018,17.435
09/20/2018,17.657
09/19/2018,18.274
09/18/2018,17.951
09/17/2018,16.677
09/14/2018,17.287
09/13/2018,18.045
09/12/2018,18.403
09/11/2018,17.969
09/10/2018,17.509
09/07/2018,17.417
09/06/2018,16.513
09/05/2018,17.303
09/04/2018,15.767
09/03/2018,14.167
08/31/2018,13.720
08/30/2018,13.741
08/29/2018,14.059
08/28/2018,14.794
08/27/2018,14.676
08/24/2018,14.676
08/23/2018,13.470
08/22/2018,13.253
08/21/2018,13.080
08/20/2018,12.694
08/17/2018,11.812
08/16/2018,11.169
08/15/2018,10.435
08/14/2018,10.617
08/13/2018,10.620
08/10/2018,10.203
08/09/2018,10.477
08/08/2018,10.066
08/07/2018,9.310
08/06/2018,9.756
08/03/2018,10.267
08/02/2018,9.747
08/01/2018,9.409
07/31/2018,9.328
07/30/2018,10.649
07/27/2018,10.933
07/26/2018,11.306
07/25/2018,10.977
07/24/2018,10.902
07/23/2018,10.440
07/20/2018,10.549
07/19/2018,11.010
07/18/2018,13.493
07/17/2018,12.858
07/16/2018,13.194
07/13/2018,12.872
07/12/2018,11.876
07/11/2018,11.256
07/10/2018,10.793
07/09/2018,10.009
07/06/2018,9.727
07/05/2018,10.136
07/04/2018,10.979
07/03/2018,10.616
07/02/2018,11.844
06/29/2018,11.885
06/28/2018,11.615
06/27/2018,10.766
06/26/2018,10.812
06/25/2018,12.056
06/22/2018,10.482
06/21/2018,10.767
06/20/2018,11.193
06/19/2018,11.164
06/18/2018,11.316
06/15/2018,12.199
06/14/2018,11.465
06/13/2018,13.327
06/12/2018,14.486
06/11/2018,15.213
06/08/2018,14.826
06/07/2018,14.290
06/06/2018,14.254
06/05/2018,12.830
06/04/2018,11.954
06/01/2018,13.129
05/31/2018,12.702
05/30/2018,12.506
05/29/2018,13.632
05/28/2018,13.289
05/25/2018,13.289
05/24/2018,14.310
05/23/2018,14.474
05/22/2018,14.493
05/21/2018,13.378
05/18/2018,13.268
05/17/2018,13.007
05/16/2018,14.199
05/15/2018,15.279
05/14/2018,16.494
05/11/2018,17.453
05/10/2018,17.477
05/09/2018,17.234
05/08/2018,17.387
05/07/2018,16.423
05/04/2018,16.423
05/03/2018,16.128
05/02/2018,17.137
05/01/2018,17.271
04/30/2018,16.838
04/27/2018,18.471
04/26/2018,18.504
04/25/2018,19.467
04/24/2018,20.942
04/23/2018,21.092
04/20/2018,21.196
04/19/2018,20.866
04/18/2018,21.245
04/17/2018,21.724
04/16/2018,21.722
04/13/2018,20.527
04/12/2018,20.645
04/11/2018,21.122
04/10/2018,22.206
04/09/2018,20.465
04/06/2018,20.357
04/05/2018,20.491
04/04/2018,20.393
04/03/2018,19.459
04/02/2018,19.585
03/30/2018,19.585
03/29/2018,19.585
03/28/2018,20.085
03/27/2018,19.799
03/26/2018,19.302
03/23/2018,19.070
03/22/2018,19.169
03/21/2018,18.036
03/20/2018,19.364
03/19/2018,20.404
03/16/2018,20.872
03/15/2018,21.510
03/14/2018,21.396
03/13/2018,21.410
03/12/2018,22.955
03/09/2018,23.049
03/08/2018,22.061
03/07/2018,21.959
03/06/2018,23.013
03/05/2018,23.885
03/02/2018,24.246
03/01/2018,23.035
02/28/2018,23.432
02/27/2018,24.434
02/26/2018,23.207
02/23/2018,21.923
02/22/2018,21.373
02/21/2018,20.451
02/20/2018,21.073
02/19/2018,21.513
02/16/2018,22.078
02/15/2018,23.777
02/14/2018,23.246
02/13/2018,22.693
02/12/2018,22.820
02/09/2018,22.775
02/08/2018,22.994
02/07/2018,24.584
02/06/2018,24.748
02/05/2018,23.177
02/02/2018,22.608
02/01/2018,23.519
01/31/2018,25.014
01/30/2018,24.504
01/29/2018,25.385
01/26/2018,26.304
01/25/2018,27.394
01/24/2018,27.985
01/23/2018,29.312
01/22/2018,29.133
01/19/2018,30.334
01/18/2018,31.340
01/17/2018,31.227
01/16/2018,31.069
01/15/2018,30.089
01/12/2018,30.271
01/11/2018,30.532
01/10/2018,32.105
01/09/2018,33.081
01/08/2018,32.551
01/05/2018,33.015
01/04/2018,34.497
01/03/2018,34.795
01/02/2018,36.135
01/01/2018,35.491
12/29/2017,35.491
12/28/2017,35.574
12/27/2017,36.613
12/26/2017,36.958
12/25/2017,36.958
12/22/2017,36.958
12/21/2017,37.061
12/20/2017,36.596
12/19/2017,36.426
12/18/2017,35.466
12/15/2017,34.349
12/14/2017,34.053
12/13/2017,34.451
12/12/2017,33.883
12/11/2017,33.696
12/08/2017,35.031
12/07/2017,33.833
12/06/2017,31.589
12/05/2017,31.424
12/04/2017,32.248
12/01/2017,31.220
11/30/2017,32.688
11/29/2017,33.123
11/28/2017,32.267
11/27/2017,32.774
11/24/2017,31.979
11/23/2017,32.624
11/22/2017,33.158
11/21/2017,33.488
11/20/2017,32.704
11/17/2017,33.070
11/16/2017,32.804
11/15/2017,32.896
11/14/2017,32.701
11/13/2017,32.493
11/10/2017,32.306
11/09/2017,32.163
11/08/2017,32.013
11/07/2017,33.881
11/06/2017,33.647
11/03/2017,33.089
11/02/2017,32.359
11/01/2017,33.149
10/31/2017,32.830
10/30/2017,32.899
10/27/2017,33.006
10/26/2017,33.339
10/25/2017,32.511
10/24/2017,33.497
10/23/2017,33.877
10/20/2017,33.056
10/19/2017,32.905
10/18/2017,33.352
10/17/2017,34.205
10/16/2017,35.097
10/13/2017,33.881
10/12/2017,34.189
10/11/2017,33.747
10/10/2017,33.514
10/09/2017,33.853
10/06/2017,32.748
10/05/2017,32.380
10/04/2017,31.239
10/03/2017,29.896
10/02/2017,29.603
09/29/2017,29.962
09/28/2017,30.338
09/27/2017,31.003
09/26/2017,30.647
09/25/2017,30.179
09/22/2017,30.695
09/21/2017,30.598
09/20/2017,31.533
09/19/2017,31.119
09/18/2017,30.770
09/15/2017,29.723
09/14/2017,30.084
09/13/2017,30.068
09/12/2017,29.298
09/11/2017,28.669
09/08/2017,28.308
09/07/2017,29.250
09/06/2017,30.084
09/05/2017,30.873
09/04/2017,30.711
09/01/2017,30.842
08/31/2017,31.052
08/30/2017,32.077
08/29/2017,31.146
08/28/2017,31.195
08/25/2017,31.195
08/24/2017,31.729
08/23/2017,31.846
08/22/2017,31.950
08/21/2017,31.521
08/18/2017,31.291
08/17/2017,31.081
08/16/2017,31.128
08/15/2017,30.936
08/14/2017,30.748
08/11/2017,31.134
08/10/2017,30.124
08/09/2017,30.758
08/08/2017,31.720
08/07/2017,31.529
08/04/2017,31.352
08/03/2017,31.123
08/02/2017,31.630
08/01/2017,31.466
07/31/2017,30.968
07/28/2017,31.543
07/27/2017,32.289
07/26/2017,32.192
07/25/2017,32.298
07/24/2017,33.009
07/21/2017,32.873
07/20/2017,31.645
07/19/2017,31.917
07/18/2017,31.551
07/17/2017,31.746
07/14/2017,31.015
07/13/2017,31.445
07/12/2017,30.217
07/11/2017,29.938
07/10/2017,30.062
07/07/2017,30.298
07/06/2017,30.889
07/05/2017,31.061
07/04/2017,31.827
07/03/2017,31.443
06/30/2017,30.359
06/29/2017,30.460
06/28/2017,31.262
06/27/2017,31.586
06/26/2017,31.853
06/23/2017,31.889
06/22/2017,32.417
06/21/2017,32.352
06/20/2017,32.646
06/19/2017,34.001
06/16/2017,35.594
06/15/2017,36.944
06/14/2017,33.587
06/13/2017,34.234
06/12/2017,33.622
06/09/2017,33.662
06/08/2017,32.898
06/07/2017,32.008
06/06/2017,34.588
06/05/2017,35.647
06/02/2017,35.488
06/01/2017,35.450
05/31/2017,35.464
05/30/2017,35.201
05/29/2017,31.943
05/26/2017,31.943
05/25/2017,30.704
05/24/2017,31.515
05/23/2017,32.203
05/22/2017,33.557
05/19/2017,34.480
05/18/2017,35.487
05/17/2017,35.795
05/16/2017,37.007
05/15/2017,36.863
05/12/2017,35.857
05/11/2017,36.412
05/10/2017,37.334
05/09/2017,38.799
05/08/2017,38.602
05/05/2017,38.289
05/04/2017,37.973
05/03/2017,37.773
05/02/2017,37.460
05/01/2017,37.381
04/28/2017,37.381
04/27/2017,38.764
04/26/2017,38.725
04/25/2017,39.270
04/24/2017,39.573
04/21/2017,39.253
04/20/2017,40.713
04/19/2017,41.427
04/18/2017,41.556
04/17/2017,40.098
04/14/2017,40.098
04/13/2017,40.098
04/12/2017,40.305
04/11/2017,40.169
04/10/2017,40.353
04/07/2017,39.203
04/06/2017,38.558
04/05/2017,38.659
04/04/2017,36.888
04/03/2017,34.760
03/31/2017,35.642
03/30/2017,35.539
03/29/2017,36.165
03/28/2017,34.823
03/27/2017,34.730
03/24/2017,34.566
03/23/2017,34.786
03/22/2017,36.106
03/21/2017,38.743
03/20/2017,39.082
03/17/2017,38.500
03/16/2017,39.244
03/15/2017,39.237
03/14/2017,37.856
03/13/2017,37.824
03/10/2017,35.390
03/09/2017,34.974
03/08/2017,37.175
03/07/2017,39.248
03/06/2017,39.228
03/03/2017,36.122
03/02/2017,37.809
03/01/2017,38.289
02/28/2017,40.529
02/27/2017,41.274
02/24/2017,41.412
02/23/2017,40.235
02/22/2017,41.501
02/21/2017,41.600
02/20/2017,42.656
02/17/2017,41.386
02/16/2017,40.303
02/15/2017,40.609
02/14/2017,40.967
02/13/2017,41.397
02/10/2017,41.492
02/09/2017,40.748
02/08/2017,39.652
02/07/2017,39.519
02/06/2017,39.489
02/03/2017,39.796
02/02/2017,38.589
02/01/2017,37.669
01/31/2017,39.013
01/30/2017,39.832
01/27/2017,39.846
01/26/2017,40.097
01/25/2017,40.224
01/24/2017,40.926
01/23/2017,41.850
01/20/2017,42.817
01/19/2017,42.494
01/18/2017,43.243
01/17/2017,43.690
01/16/2017,44.614
01/13/2017,43.984
01/12/2017,45.096
01/11/2017,46.416
01/10/2017,46.054
01/09/2017,45.359
01/06/2017,46.807
01/05/2017,46.115
01/04/2017,44.225
01/03/2017,44.764
01/02/2017,43.191
12/30/2016,43.191
12/29/2016,42.452
12/28/2016,43.068
12/27/2016,43.413
12/26/2016,43.413
12/23/2016,43.413
12/22/2016,44.584
12/21/2016,45.828
12/20/2016,45.708
12/19/2016,45.859
12/16/2016,45.480
12/15/2016,46.907
12/14/2016,46.912
12/13/2016,45.969
12/12/2016,46.793
12/09/2016,46.931
12/08/2016,47.340
12/07/2016,48.699
12/06/2016,47.669
12/05/2016,48.261
12/02/2016,46.715
12/01/2016,46.214
11/30/2016,45.760
11/29/2016,47.244
11/28/2016,48.376
11/25/2016,47.559
11/24/2016,46.705
11/23/2016,48.603
11/22/2016,48.224
11/21/2016,47.048
11/18/2016,46.787
11/17/2016,46.896
11/16/2016,46.963
11/15/2016,48.011
11/14/2016,48.123
11/11/2016,49.265
11/10/2016,50.551
11/09/2016,50.969
11/08/2016,50.122
11/07/2016,50.698
11/04/2016,49.356
11/03/2016,49.935
11/02/2016,49.742
11/01/2016,48.754
10/31/2016,49.244
10/28/2016,49.780
10/27/2016,47.064
10/26/2016,50.116
10/25/2016,49.408
10/24/2016,48.765
10/21/2016,50.288
10/20/2016,49.927
10/19/2016,51.187
10/18/2016,51.743
10/17/2016,50.847
10/14/2016,50.798
10/13/2016,51.504
10/12/2016,49.710
10/11/2016,49.039
10/10/2016,49.530
10/07/2016,50.874
10/06/2016,51.439
10/05/2016,49.732
10/04/2016,51.013
10/03/2016,50.505
09/30/2016,51.863
09/29/2016,50.637
09/28/2016,51.690
09/27/2016,51.265
09/26/2016,52.256
09/23/2016,52.453
09/22/2016,52.663
09/21/2016,53.264
09/20/2016,52.777
09/19/2016,52.447
09/16/2016,51.272
09/15/2016,51.355
09/14/2016,48.984
09/13/2016,47.582
09/12/2016,45.483
09/09/2016,46.965
09/08/2016,44.755
09/07/2016,43.882
09/06/2016,45.029
09/05/2016,43.232
09/02/2016,42.934
09/01/2016,42.600
08/31/2016,44.077
08/30/2016,43.882
08/29/2016,43.743
08/26/2016,43.743
08/25/2016,42.902
08/24/2016,43.891
08/23/2016,42.899
08/22/2016,43.419
08/19/2016,43.311
08/18/2016,43.832
08/17/2016,43.168
08/16/2016,42.574
08/15/2016,40.679
08/12/2016,40.410
08/11/2016,39.464
08/10/2016,41.403
08/09/2016,45.057
08/08/2016,47.970
08/05/2016,48.390
08/04/2016,51.549
08/03/2016,56.602
08/02/2016,55.701
08/01/2016,56.171
07/29/2016,54.798
07/28/2016,57.655
07/27/2016,57.390
07/26/2016,57.797
07/25/2016,57.346
07/22/2016,56.853
07/21/2016,57.680
07/20/2016,56.874
07/19/2016,52.638
07/18/2016,51.742
07/15/2016,51.984
07/14/2016,50.801
07/13/2016,52.011
07/12/2016,53.121
07/11/2016,53.559
07/08/2016,54.115
07/07/2016,53.366
07/06/2016,52.561
07/05/2016,51.293
07/04/2016,51.029
07/01/2016,50.094
06/30/2016,53.812
06/29/2016,56.622
06/28/2016,59.515
06/27/2016,61.945
06/24/2016,56.457
06/23/2016,54.114
06/22/2016,56.054
06/21/2016,56.366
06/20/2016,56.618
06/17/2016,54.886
06/16/2016,54.414
06/15/2016,54.537
06/14/2016,55.686
06/13/2016,56.040
06/10/2016,55.430
06/09/2016,54.311
06/08/2016,56.028
06/07/2016,57.650
06/06/2016,56.448
06/03/2016,55.053
06/02/2016,55.052
06/01/2016,53.374
05/31/2016,54.736
05/30/2016,56.679
05/27/2016,56.679
05/26/2016,54.666
05/25/2016,57.471
05/24/2016,59.661
05/23/2016,60.356
05/20/2016,61.339
05/19/2016,61.775
05/18/2016,61.056
05/17/2016,60.154
05/16/2016,59.026
05/13/2016,58.972
05/12/2016,59.943
05/11/2016,59.558
05/10/2016,61.245
05/09/2016,60.848
05/06/2016,60.213
05/05/2016,61.135
05/04/2016,61.988
05/03/2016,61.968
05/02/2016,63.363
04/29/2016,63.363
04/28/2016,62.463
04/27/2016,59.749
04/26/2016,60.157
04/25/2016,60.817
04/22/2016,61.170
04/21/2016,62.588
04/20/2016,64.761
04/19/2016,65.213
04/18/2016,65.241
04/15/2016,64.071
04/14/2016,63.530
04/13/2016,64.454
04/12/2016,66.599
04/11/2016,67.021
04/08/2016,65.894
04/07/2016,64.483
04/06/2016,65.725
04/05/2016,66.285
04/04/2016,66.744
04/01/2016,65.552
03/31/2016,65.541
03/30/2016,67.148
03/29/2016,67.473
03/28/2016,67.007
03/25/2016,67.055
03/24/2016,67.007
03/23/2016,67.376
03/22/2016,67.089
03/21/2016,66.450
03/18/2016,66.031
03/17/2016,65.237
03/16/2016,65.848
03/15/2016,65.506
03/14/2016,65.807
03/11/2016,65.946
03/10/2016,66.971
03/09/2016,66.717
03/08/2016,65.515
03/07/2016,69.459
03/04/2016,70.299
03/03/2016,71.786
03/02/2016,75.047
03/01/2016,78.602
02/29/2016,81.398
02/26/2016,80.412
02/25/2016,79.006
02/24/2016,73.350
02/23/2016,69.610
02/22/2016,68.233
02/19/2016,67.841
02/18/2016,67.445
02/17/2016,67.086
02/16/2016,67.432
02/15/2016,66.246
02/12/2016,66.151
02/11/2016,64.526
02/10/2016,63.093
02/09/2016,62.936
02/08/2016,59.865
02/05/2016,60.042
02/04/2016,60.809
02/03/2016,59.931
02/02/2016,59.186
02/01/2016,58.051
01/29/2016,56.602
01/28/2016,55.357
01/27/2016,56.624
01/26/2016,57.978
01/25/2016,59.005
01/22/2016,58.987
01/21/2016,56.934
01/20/2016,56.379
01/19/2016,56.427
01/18/2016,56.532
01/15/2016,55.377
01/14/2016,53.844
01/13/2016,54.633
01/12/2016,55.529
01/11/2016,54.775
01/08/2016,53.537
01/07/2016,52.662
01/06/2016,52.126
01/05/2016,52.517
01/04/2016,52.164
01/01/2016,51.044
12/31/2015,51.044
12/30/2015,52.077
12/29/2015,51.433
12/28/2015,52.775
12/25/2015,52.663
12/24/2015,52.663
12/23/2015,52.925
12/22/2015,51.010
12/21/2015,49.690
12/18/2015,51.836
12/17/2015,51.492
12/16/2015,52.743
12/15/2015,49.426
12/14/2015,45.945
12/11/2015,46.225
12/10/2015,47.134
12/09/2015,46.817
12/08/2015,46.738
12/07/2015,47.939
12/04/2015,48.972
12/03/2015,47.709
12/02/2015,49.360
12/01/2015,51.240
11/30/2015,53.881
11/27/2015,55.792
11/26/2015,59.202
11/25/2015,61.072
11/24/2015,61.097
11/23/2015,61.381
11/20/2015,60.438
11/19/2015,59.755
11/18/2015,55.787
11/17/2015,54.395
11/16/2015,53.474
11/13/2015,53.481
11/12/2015,53.627
11/11/2015,52.502
11/10/2015,50.341
11/09/2015,50.637
11/06/2015,50.933
11/05/2015,52.088
11/04/2015,52.341
11/03/2015,51.169
11/02/2015,49.465
10/30/2015,49.473
10/29/2015,48.461
10/28/2015,48.721
10/27/2015,48.026
10/26/2015,48.672
10/23/2015,47.896
10/22/2015,46.885
10/21/2015,46.250
10/20/2015,46.216
10/19/2015,45.463
10/16/2015,45.121
10/15/2015,46.124
10/14/2015,46.258
10/13/2015,45.075
10/12/2015,44.423
10/09/2015,44.155
10/08/2015,42.545
10/07/2015,42.602
10/06/2015,42.598
10/05/2015,42.485
10/02/2015,41.532
10/01/2015,41.198
09/30/2015,41.859
09/29/2015,40.189
09/28/2015,39.160
09/25/2015,39.642
09/24/2015,39.171
09/23/2015,39.259
09/22/2015,38.868
09/21/2015,38.020
09/18/2015,38.941
09/17/2015,37.657
09/16/2015,38.766
09/15/2015,38.784
09/14/2015,38.087
09/11/2015,38.214
09/10/2015,37.664
09/09/2015,37.891
09/08/2015,37.063
09/07/2015,37.244
09/04/2015,37.131
09/03/2015,37.780
09/02/2015,36.683
09/01/2015,37.206
08/31/2015,37.188
08/28/2015,37.188
08/27/2015,38.499
08/26/2015,38.305
08/25/2015,37.624
08/24/2015,37.460
08/21/2015,37.034
08/20/2015,35.884
08/19/2015,36.207
08/18/2015,35.818
08/17/2015,35.618
08/14/2015,35.699
08/13/2015,36.158
08/12/2015,37.436
08/11/2015,38.081
08/10/2015,38.127
08/07/2015,37.299
08/06/2015,37.333
08/05/2015,37.886
08/04/2015,37.680
08/03/2015,36.254
07/31/2015,37.090
07/30/2015,36.801
07/29/2015,37.152
07/28/2015,37.586
07/27/2015,38.179
07/24/2015,37.772
07/23/2015,38.016
07/22/2015,37.740
07/21/2015,38.213
07/20/2015,37.983
07/17/2015,37.768
07/16/2015,37.813
07/15/2015,36.504
07/14/2015,37.902
07/13/2015,37.124
07/10/2015,36.840
07/09/2015,33.522
07/08/2015,34.267
07/07/2015,33.512
07/06/2015,33.832
07/03/2015,34.611
07/02/2015,34.794
07/01/2015,36.452
06/30/2015,36.573
06/29/2015,37.193
06/26/2015,37.556
06/25/2015,37.198
06/24/2015,37.876
06/23/2015,39.310
06/22/2015,39.295
06/19/2015,38.274
06/18/2015,37.699
06/17/2015,36.683
06/16/2015,36.222
06/15/2015,34.977
06/12/2015,35.983
06/11/2015,37.560
06/10/2015,37.402
06/09/2015,38.013
06/08/2015,36.639
06/05/2015,35.224
06/04/2015,36.401
06/03/2015,36.738
06/02/2015,35.555
06/01/2015,36.403
05/29/2015,36.208
05/28/2015,35.126
05/27/2015,34.471
05/26/2015,34.225
05/25/2015,34.075
05/22/2015,33.980
05/21/2015,34.045
05/20/2015,33.998
05/19/2015,33.419
05/18/2015,33.227
05/15/2015,33.038
05/14/2015,32.509
05/13/2015,30.844
05/12/2015,29.752
05/11/2015,28.191
05/08/2015,29.476
05/07/2015,31.617
05/06/2015,33.226
05/05/2015,34.796
05/04/2015,34.299
05/01/2015,34.299
04/30/2015,34.101
04/29/2015,36.157
04/28/2015,35.672
04/27/2015,33.903
04/24/2015,34.844
04/23/2015,35.776
04/22/2015,36.877
04/21/2015,37.547
04/20/2015,38.023
04/17/2015,37.598
04/16/2015,37.250
04/15/2015,36.898
04/14/2015,37.364
04/13/2015,36.072
04/10/2015,36.187
04/09/2015,35.617
04/08/2015,35.510
04/07/2015,36.570
04/06/2015,36.711
04/03/2015,36.711
04/02/2015,36.711
04/01/2015,36.698
03/31/2015,37.633
03/30/2015,38.176
03/27/2015,38.048
03/26/2015,37.239
03/25/2015,38.603
03/24/2015,39.695
03/23/2015,41.420
03/20/2015,41.366
03/19/2015,40.190
03/18/2015,38.663
03/17/2015,38.180
03/16/2015,41.199
03/13/2015,40.413
03/12/2015,37.505
03/11/2015,35.412
03/10/2015,34.793
03/09/2015,32.962
03/06/2015,32.345
03/05/2015,32.660
03/04/2015,31.843
03/03/2015,32.255
03/02/2015,32.838
02/27/2015,32.558
02/26/2015,31.768
02/25/2015,31.267
02/24/2015,30.678
02/23/2015,30.680
02/20/2015,30.033
02/19/2015,31.728
02/18/2015,31.445
02/17/2015,31.482
02/16/2015,31.728
02/13/2015,32.113
02/12/2015,32.452
02/11/2015,32.700
02/10/2015,32.296
02/09/2015,32.846
02/06/2015,32.492
02/05/2015,32.865
02/04/2015,33.324
02/03/2015,32.815
02/02/2015,32.288
01/30/2015,31.934
01/29/2015,30.608
01/28/2015,30.052
01/27/2015,29.491
01/26/2015,30.105
01/23/2015,31.648
01/22/2015,34.202
01/21/2015,33.251
01/20/2015,35.142
01/19/2015,35.299
01/16/2015,33.812
01/15/2015,32.130
01/14/2015,31.750
01/13/2015,31.093
01/12/2015,31.273
01/09/2015,31.081
01/08/2015,30.702
01/07/2015,31.315
01/06/2015,30.716
01/05/2015,30.410
01/02/2015,29.253
01/01/2015,29.392
12/31/2014,29.458
12/30/2014,29.127
12/29/2014,29.727
12/26/2014,28.598
12/25/2014,28.598
12/24/2014,28.598
12/23/2014,28.572
12/22/2014,29.220
12/19/2014,29.393
12/18/2014,28.907
12/17/2014,29.136
12/16/2014,27.509
12/15/2014,26.217
12/12/2014,26.143
12/11/2014,25.661
12/10/2014,24.146
12/09/2014,23.848
12/08/2014,24.113
12/05/2014,24.314
12/04/2014,24.415
12/03/2014,24.648
12/02/2014,25.959
12/01/2014,25.817
11/28/2014,26.413
11/27/2014,26.463
11/26/2014,26.361
11/25/2014,26.820
11/24/2014,27.349
11/21/2014,27.255
11/20/2014,27.685
11/19/2014,28.163
11/18/2014,27.214
11/17/2014,28.089
11/14/2014,27.391
11/13/2014,26.621
11/12/2014,25.533
11/11/2014,24.555
11/10/2014,24.163
11/07/2014,24.270
11/06/2014,23.856
11/05/2014,23.794
11/04/2014,23.361
11/03/2014,22.877
10/31/2014,22.536
10/30/2014,23.183
10/29/2014,23.452
10/28/2014,22.778
10/27/2014,22.393
10/24/2014,21.950
10/23/2014,21.590
10/22/2014,22.023
10/21/2014,21.446
10/20/2014,21.129
10/17/2014,21.633
10/16/2014,22.170
10/15/2014,22.015
10/14/2014,20.420
10/13/2014,20.061
10/10/2014,18.780
10/09/2014,18.491
10/08/2014,17.918
10/07/2014,18.943
10/06/2014,19.461
10/03/2014,18.669
10/02/2014,18.313
10/01/2014,18.101
09/30/2014,18.361
09/29/2014,18.015
09/26/2014,17.158
09/25/2014,17.088
09/24/2014,16.361
09/23/2014,16.256
09/22/2014,16.259
09/19/2014,16.846
09/18/2014,19.279
09/17/2014,18.035
09/16/2014,18.980
09/15/2014,18.525
09/12/2014,18.538
09/11/2014,18.312
09/10/2014,20.721
09/09/2014,20.825
09/08/2014,20.136
09/05/2014,18.731
09/04/2014,19.298
09/03/2014,18.880
09/02/2014,18.895
09/01/2014,18.392
08/29/2014,17.869
08/28/2014,17.765
08/27/2014,16.049
08/26/2014,16.977
08/25/2014,17.894
08/22/2014,17.894
08/21/2014,17.439
08/20/2014,18.418
08/19/2014,17.957
08/18/2014,18.094
08/15/2014,17.449
08/14/2014,18.001
08/13/2014,18.061
08/12/2014,18.100
08/11/2014,16.828
08/08/2014,16.007
08/07/2014,15.692
08/06/2014,15.686
08/05/2014,15.890
08/04/2014,16.356
08/01/2014,16.739
07/31/2014,18.494
07/30/2014,18.389
07/29/2014,18.157
07/28/2014,17.299
07/25/2014,16.847
07/24/2014,16.336
07/23/2014,16.941
07/22/2014,16.762
07/21/2014,17.069
07/18/2014,15.971
07/17/2014,17.483
07/16/2014,16.810
07/15/2014,16.823
07/14/2014,16.842
07/11/2014,16.958
07/10/2014,16.268
07/09/2014,16.479
07/08/2014,16.885
07/07/2014,17.207
07/04/2014,16.476
07/03/2014,16.683
07/02/2014,15.640
07/01/2014,15.816
06/30/2014,16.762
06/27/2014,17.001
06/26/2014,17.044
06/25/2014,16.584
06/24/2014,16.305
06/23/2014,16.613
06/20/2014,16.988
06/19/2014,16.003
06/18/2014,15.996
06/17/2014,16.503
06/16/2014,17.157
06/13/2014,16.577
06/12/2014,17.631
06/11/2014,17.550
06/10/2014,18.317
06/09/2014,18.124
06/06/2014,17.659
06/05/2014,18.105
06/04/2014,17.862
06/03/2014,17.679
06/02/2014,17.311
05/30/2014,17.507
05/29/2014,17.875
05/28/2014,18.211
05/27/2014,17.993
05/26/2014,17.073
05/23/2014,17.073
05/22/2014,17.351
05/21/2014,17.844
05/20/2014,17.127
05/19/2014,16.155
05/16/2014,16.516
05/15/2014,17.129
05/14/2014,17.627
05/13/2014,17.532
05/12/2014,17.605
05/09/2014,16.474
05/08/2014,15.991
05/07/2014,16.165
05/06/2014,16.148
05/05/2014,15.922
05/02/2014,15.922
05/01/2014,16.709
04/30/2014,16.938
04/29/2014,16.916
04/28/2014,17.122
04/25/2014,17.013
04/24/2014,16.961
04/23/2014,17.325
04/22/2014,17.107
04/21/2014,16.521
04/18/2014,16.773
04/17/2014,16.521
04/16/2014,17.451
04/15/2014,17.867
04/14/2014,17.899
04/11/2014,17.611
04/10/2014,16.959
04/09/2014,17.521
04/08/2014,17.401
04/07/2014,17.658
04/04/2014,17.902
04/03/2014,18.552
04/02/2014,19.506
04/01/2014,20.320
03/31/2014,20.591
03/28/2014,20.786
03/27/2014,18.698
03/26/2014,18.099
03/25/2014,18.023
03/24/2014,18.039
03/21/2014,18.741
03/20/2014,19.483
03/19/2014,18.013
03/18/2014,18.033
03/17/2014,17.541
03/14/2014,16.578
03/13/2014,17.404
03/12/2014,17.511
03/11/2014,16.344
03/10/2014,17.150
03/07/2014,17.315
03/06/2014,18.299
03/05/2014,19.422
03/04/2014,18.611
03/03/2014,18.625
02/28/2014,19.878
02/27/2014,18.865
02/26/2014,19.157
02/25/2014,20.461
02/24/2014,19.882
02/21/2014,20.603
02/20/2014,20.786
02/19/2014,20.233
02/18/2014,20.112
02/17/2014,19.706
02/14/2014,19.909
02/13/2014,20.854
02/12/2014,21.163
02/11/2014,21.713
02/10/2014,22.127
02/07/2014,21.263
02/06/2014,21.196
02/05/2014,21.292
02/04/2014,20.721
02/03/2014,20.833
01/31/2014,20.353
01/30/2014,20.444
01/29/2014,20.089
01/28/2014,20.219
01/27/2014,20.507
01/24/2014,20.116
01/23/2014,20.288
01/22/2014,20.687
01/21/2014,20.346
01/20/2014,20.395
01/17/2014,20.598
01/16/2014,20.792
01/15/2014,21.249
01/14/2014,21.139
01/13/2014,21.207
01/10/2014,21.298
01/09/2014,21.488
01/08/2014,21.676
01/07/2014,21.436
01/06/2014,21.652
01/03/2014,20.209
01/02/2014,20.917
01/01/2014,19.695
12/31/2013,19.695
12/30/2013,19.633
12/27/2013,21.089
12/26/2013,21.026
12/25/2013,21.026
12/24/2013,21.026
12/23/2013,21.071
12/20/2013,20.810
12/19/2013,20.495
12/18/2013,21.909
12/17/2013,22.170
12/16/2013,22.550
12/13/2013,21.930
12/12/2013,22.134
12/11/2013,23.456
12/10/2013,23.405
12/09/2013,24.888
12/06/2013,24.964
12/05/2013,25.854
12/04/2013,24.743
12/03/2013,24.029
12/02/2013,23.700
11/29/2013,23.002
11/28/2013,22.913
11/27/2013,23.416
11/26/2013,23.905
11/25/2013,24.364
11/22/2013,24.564
11/21/2013,26.428
11/20/2013,24.241
11/19/2013,23.409
11/18/2013,23.343
11/15/2013,23.451
11/14/2013,23.016
11/13/2013,22.707
11/12/2013,22.084
11/11/2013,21.654
11/08/2013,21.603
11/07/2013,21.155
11/06/2013,21.121
11/05/2013,20.801
11/04/2013,20.780
11/01/2013,19.785
10/31/2013,20.499
10/30/2013,20.014
10/29/2013,19.423
10/28/2013,18.822
10/25/2013,18.884
10/24/2013,19.641
10/23/2013,19.841
10/22/2013,19.624
10/21/2013,20.231
10/18/2013,19.819
10/17/2013,19.573
10/16/2013,19.466
10/15/2013,19.518
10/14/2013,19.163
10/11/2013,19.478
10/10/2013,18.659
10/09/2013,19.071
10/08/2013,19.267
10/07/2013,18.632
10/04/2013,18.709
10/03/2013,17.297
10/02/2013,17.413
10/01/2013,17.040
09/30/2013,17.749
09/27/2013,18.155
09/26/2013,19.337
09/25/2013,19.172
09/24/2013,18.466
09/23/2013,18.046
09/20/2013,19.402
09/19/2013,20.243
09/18/2013,19.915
09/17/2013,20.774
09/16/2013,22.113
09/13/2013,22.532
09/12/2013,23.018
09/11/2013,23.002
09/10/2013,24.063
09/09/2013,23.747
09/06/2013,22.647
09/05/2013,22.663
09/04/2013,22.556
09/03/2013,20.551
09/02/2013,20.328
08/30/2013,21.150
08/29/2013,21.623
08/28/2013,20.538
08/27/2013,18.419
08/26/2013,18.496
08/23/2013,18.496
08/22/2013,19.257
08/21/2013,19.684
08/20/2013,19.993
08/19/2013,21.725
08/16/2013,23.866
08/15/2013,23.764
08/14/2013,24.116
08/13/2013,22.959
08/12/2013,23.057
08/09/2013,22.556
08/08/2013,22.442
08/07/2013,22.500
08/06/2013,22.315
08/05/2013,21.949
08/02/2013,21.783
08/01/2013,20.009
07/31/2013,20.476
07/30/2013,19.399
07/29/2013,20.387
07/26/2013,21.748
07/25/2013,21.955
07/24/2013,21.681
07/23/2013,20.890
07/22/2013,20.193
07/19/2013,20.500
07/18/2013,21.383
07/17/2013,20.900
07/16/2013,20.093
07/15/2013,20.615
07/12/2013,19.804
07/11/2013,20.983
07/10/2013,20.218
07/09/2013,21.005
07/08/2013,22.456
07/05/2013,22.942
07/04/2013,23.071
07/03/2013,22.056
07/02/2013,22.488
07/01/2013,23.002
06/28/2013,22.688
06/27/2013,21.519
06/26/2013,23.565
06/25/2013,22.625
06/24/2013,21.122
06/21/2013,22.526
06/20/2013,23.360
06/19/2013,23.852
06/18/2013,23.831
06/17/2013,22.357
06/14/2013,22.327
06/13/2013,22.237
06/12/2013,22.460
06/11/2013,23.847
06/10/2013,23.219
06/07/2013,24.131
06/06/2013,24.004
06/05/2013,24.079
06/04/2013,24.038
06/03/2013,22.480
05/31/2013,21.841
05/30/2013,22.688
05/29/2013,22.178
05/28/2013,22.874
05/27/2013,21.779
05/24/2013,21.771
05/23/2013,22.652
05/22/2013,22.211
05/21/2013,22.991
05/20/2013,21.872
05/17/2013,22.032
05/16/2013,22.187
05/15/2013,23.451
05/14/2013,22.675
05/13/2013,23.056
05/10/2013,22.134
05/09/2013,20.598
05/08/2013,19.546
05/07/2013,18.010
05/06/2013,18.516
05/03/2013,18.511
05/02/2013,16.803
05/01/2013,16.928
04/30/2013,18.380
04/29/2013,18.830
04/26/2013,19.120
04/25/2013,19.761
04/24/2013,19.219
04/23/2013,19.871
04/22/2013,17.540
04/19/2013,17.578
04/18/2013,18.733
04/17/2013,19.843
04/16/2013,20.652
04/15/2013,21.320
04/12/2013,21.394
04/11/2013,21.616
04/10/2013,21.327
04/09/2013,19.834
04/08/2013,16.557
04/05/2013,15.016
04/04/2013,17.795
04/03/2013,18.863
04/02/2013,19.370
04/01/2013,18.915
03/29/2013,18.909
03/28/2013,18.890
03/27/2013,17.670
03/26/2013,19.837
03/25/2013,19.306
03/22/2013,20.088
03/21/2013,19.869
03/20/2013,20.966
03/19/2013,17.903
03/18/2013,19.039
03/15/2013,19.511
03/14/2013,19.475
03/13/2013,18.045
03/12/2013,19.577
03/11/2013,20.701
03/08/2013,20.723
03/07/2013,21.748
03/06/2013,22.428
03/05/2013,22.663
03/04/2013,20.383
03/01/2013,20.169
02/28/2013,21.511
02/27/2013,22.375
02/26/2013,25.083
02/25/2013,23.513
02/22/2013,22.589
02/21/2013,22.433
02/20/2013,23.505
02/19/2013,23.716
02/18/2013,23.664
02/15/2013,23.830
02/14/2013,23.147
02/13/2013,23.810
02/12/2013,23.418
02/11/2013,23.235
02/08/2013,23.613
02/07/2013,22.579
02/06/2013,22.400
02/05/2013,21.794
02/04/2013,20.810
02/01/2013,21.454
01/31/2013,22.675
01/30/2013,23.246
01/29/2013,24.429
01/28/2013,24.100
01/25/2013,23.733
01/24/2013,23.136
01/23/2013,23.241
01/22/2013,23.375
01/21/2013,24.491
01/18/2013,25.331
01/17/2013,25.666
01/16/2013,25.795
01/15/2013,25.418
01/14/2013,25.831
01/11/2013,24.101
01/10/2013,23.043
01/09/2013,22.612
01/08/2013,22.471
01/07/2013,23.278
01/04/2013,22.366
01/03/2013,22.732
01/02/2013,24.917
01/01/2013,22.123
12/31/2012,22.118
12/28/2012,21.969
12/27/2012,21.239
12/26/2012,23.845
12/25/2012,23.840
12/24/2012,23.836
12/21/2012,24.494
12/20/2012,25.024
12/19/2012,27.407
12/18/2012,29.085
12/17/2012,27.888
12/14/2012,27.943
12/13/2012,27.147
12/12/2012,28.327
12/11/2012,28.379
12/10/2012,27.308
12/07/2012,27.282
12/06/2012,27.593
12/05/2012,28.084
12/04/2012,23.984
12/03/2012,22.377
11/30/2012,22.111
11/29/2012,23.211
11/28/2012,24.133
11/27/2012,24.000
11/26/2012,23.756
11/23/2012,24.721
11/22/2012,24.545
11/21/2012,25.226
11/20/2012,25.860
11/19/2012,25.766
11/16/2012,24.995
11/15/2012,25.616
11/14/2012,25.313
11/13/2012,24.943
11/12/2012,23.598
11/09/2012,23.203
11/08/2012,23.125
11/07/2012,22.361
11/06/2012,22.772
11/05/2012,21.417
11/02/2012,20.895
11/01/2012,20.907
10/31/2012,19.145
10/30/2012,18.705
10/29/2012,20.573
10/26/2012,20.673
10/25/2012,21.882
10/24/2012,22.159
10/23/2012,21.910
10/22/2012,22.270
10/19/2012,22.638
10/18/2012,22.056
10/17/2012,23.711
10/16/2012,23.857
10/15/2012,23.144
10/12/2012,22.876
10/11/2012,24.121
10/10/2012,23.045
10/09/2012,24.105
10/08/2012,24.678
10/05/2012,23.533
10/04/2012,22.456
10/03/2012,20.850
10/02/2012,21.951
10/01/2012,23.173
09/28/2012,22.738
09/27/2012,20.211
09/26/2012,19.865
09/25/2012,23.312
09/24/2012,24.001
09/21/2012,22.915
09/20/2012,22.810
09/19/2012,23.400
09/18/2012,21.469
09/17/2012,21.258
09/14/2012,20.301
09/13/2012,19.668
09/12/2012,19.649
09/11/2012,20.631
09/10/2012,19.754
09/07/2012,17.912
09/06/2012,19.628
09/05/2012,19.730
09/04/2012,19.419
09/03/2012,19.455
08/31/2012,18.870
08/30/2012,17.480
08/29/2012,17.452
08/28/2012,18.083
08/27/2012,16.104
08/24/2012,16.243
08/23/2012,16.909
08/22/2012,15.602
08/21/2012,15.524
08/20/2012,14.737
08/17/2012,14.326
08/16/2012,14.665
08/15/2012,14.679
08/14/2012,13.954
08/13/2012,14.379
08/10/2012,13.822
08/09/2012,14.310
08/08/2012,14.064
08/07/2012,15.176
08/06/2012,13.578
08/03/2012,14.269
08/02/2012,12.410
08/01/2012,12.933
07/31/2012,12.265
07/30/2012,13.438
07/27/2012,13.028
07/26/2012,13.863
07/25/2012,14.570
07/24/2012,13.510
07/23/2012,14.130
07/20/2012,14.195
07/19/2012,15.674
07/18/2012,15.137
07/17/2012,17.515
07/16/2012,17.501
07/13/2012,16.211
07/12/2012,16.717
07/11/2012,17.220
07/10/2012,17.334
07/09/2012,17.910
07/06/2012,19.589
07/05/2012,21.388
07/04/2012,16.544
07/03/2012,17.666
07/02/2012,16.277
06/29/2012,15.986
06/28/2012,14.980
06/27/2012,15.193
06/26/2012,15.468
06/25/2012,13.787
06/22/2012,14.614
06/21/2012,17.548
06/20/2012,17.812
06/19/2012,23.991
06/18/2012,24.976
06/15/2012,25.376
06/14/2012,23.604
06/13/2012,18.423
06/12/2012,18.382
06/11/2012,18.099
06/08/2012,16.980
06/07/2012,16.671
06/06/2012,13.392
06/05/2012,15.478
06/04/2012,15.476
06/01/2012,15.476
05/31/2012,18.863
05/30/2012,17.441
05/29/2012,19.354
05/28/2012,19.746
05/25/2012,19.844
05/24/2012,19.362
05/23/2012,21.515
05/22/2012,20.504
05/21/2012,18.172
05/18/2012,16.335
05/17/2012,20.057
05/16/2012,21.850
05/15/2012,21.709
05/14/2012,19.354
05/11/2012,17.199
05/10/2012,15.624
05/09/2012,13.991
05/08/2012,15.573
05/07/2012,14.835
05/04/2012,14.830
05/03/2012,15.867
05/02/2012,16.136
05/01/2012,17.217
04/30/2012,18.240
04/27/2012,17.488
04/26/2012,18.138
04/25/2012,17.792
04/24/2012,18.163
04/23/2012,18.029
04/20/2012,17.247
04/19/2012,17.401
04/18/2012,17.090
04/17/2012,17.791
04/16/2012,17.500
04/13/2012,16.696
04/12/2012,16.950
04/11/2012,17.070
04/10/2012,17.913
04/09/2012,19.422
04/06/2012,19.377
04/05/2012,19.348
04/04/2012,18.900
04/03/2012,18.682
04/02/2012,19.028
03/30/2012,19.183
03/29/2012,18.112
03/28/2012,18.198
03/27/2012,17.532
03/26/2012,17.302
03/23/2012,17.382
03/22/2012,17.315
03/21/2012,16.769
03/20/2012,17.287
03/19/2012,16.199
03/16/2012,16.614
03/15/2012,17.075
03/14/2012,17.986
03/13/2012,15.690
03/12/2012,15.601
03/09/2012,15.366
03/08/2012,15.971
03/07/2012,15.283
03/06/2012,15.339
03/05/2012,14.672
03/02/2012,15.328
03/01/2012,15.290
02/29/2012,15.660
02/28/2012,16.483
02/27/2012,17.771
02/24/2012,16.842
02/23/2012,18.407
02/22/2012,17.969
02/21/2012,18.325
02/20/2012,19.634
02/17/2012,19.786
02/16/2012,19.947
02/15/2012,19.807
02/14/2012,18.481
02/13/2012,20.168
02/10/2012,19.413
02/09/2012,19.244
02/08/2012,16.798
02/07/2012,15.978
02/06/2012,16.316
02/03/2012,17.631
02/02/2012,16.936
02/01/2012,16.295
01/31/2012,16.539
01/30/2012,18.486
01/27/2012,17.498
01/26/2012,18.073
01/25/2012,15.479
01/24/2012,13.054
01/23/2012,15.556
01/20/2012,16.882
01/19/2012,17.065
01/18/2012,17.727
01/17/2012,18.922
01/16/2012,18.991
01/13/2012,20.469
01/12/2012,18.494
01/11/2012,17.941
01/10/2012,17.512
01/09/2012,16.545
01/06/2012,14.941
01/05/2012,15.435
01/04/2012,13.509
01/03/2012,12.312
01/02/2012,11.989
12/30/2011,11.979
12/29/2011,10.944
12/28/2011,11.885
12/27/2011,12.041
12/26/2011,12.030
12/23/2011,11.856
12/22/2011,12.669
12/21/2011,12.394
12/20/2011,12.189
12/19/2011,10.900
12/16/2011,13.742
12/15/2011,14.291
12/14/2011,14.436
12/13/2011,15.035
12/12/2011,11.763
12/09/2011,12.699
12/08/2011,13.810
12/06/2011,15.119
12/05/2011,19.312
12/02/2011,18.653
12/01/2011,16.079
11/30/2011,15.829
11/29/2011,12.371
11/28/2011,14.912
11/25/2011,16.842
11/24/2011,15.504
11/23/2011,14.576
11/22/2011,12.480
11/21/2011,14.045
11/18/2011,12.440
11/17/2011,11.705
11/16/2011,11.988
11/15/2011,12.797
11/14/2011,12.601
11/11/2011,12.437
11/10/2011,12.901
11/09/2011,12.547
11/08/2011,11.060
11/07/2011,12.029
11/04/2011,11.695
11/03/2011,10.967
11/02/2011,10.577
11/01/2011,10.830
10/31/2011,12.991
10/28/2011,13.771
10/27/2011,11.057
10/26/2011,11.359
10/25/2011,10.878
10/24/2011,13.104
10/20/2011,12.916
10/19/2011,11.442
10/18/2011,11.752
10/17/2011,12.095
10/14/2011,13.446
10/13/2011,14.597
10/12/2011,15.102
10/11/2011,16.972
10/10/2011,17.871
10/07/2011,16.323
10/06/2011,19.121
10/05/2011,20.201
10/04/2011,18.957
10/03/2011,21.779
09/29/2011,24.532
09/28/2011,25.231
09/27/2011,28.962
09/26/2011,28.604
09/23/2011,28.035
09/22/2011,25.895
09/21/2011,25.500
09/20/2011,22.619
09/19/2011,21.903
09/16/2011,22.745
09/15/2011,23.216
09/14/2011,22.508
09/13/2011,21.977
09/12/2011,21.594
09/09/2011,21.515
09/08/2011,22.358
09/07/2011,22.496
09/06/2011,20.519
09/05/2011,18.890
09/02/2011,20.519
09/01/2011,20.838
08/31/2011,21.341
08/30/2011,18.374
08/29/2011,14.987
08/26/2011,14.976
08/25/2011,17.851
08/24/2011,20.839
08/23/2011,19.479
08/22/2011,16.158
08/19/2011,18.983
08/18/2011,21.733
08/17/2011,22.231
08/16/2011,22.242
08/15/2011,22.339
08/12/2011,21.245
08/11/2011,21.051
08/10/2011,20.596
08/09/2011,21.485
08/08/2011,18.928
08/05/2011,20.198
08/04/2011,19.187
08/03/2011,20.271
08/02/2011,21.295
08/01/2011,20.939
07/29/2011,19.824
07/28/2011,20.211
07/27/2011,20.353
07/26/2011,20.585
07/25/2011,20.071
07/22/2011,21.016
07/21/2011,21.143
07/20/2011,20.696
07/19/2011,21.065
07/18/2011,20.598
07/15/2011,20.516
07/14/2011,20.395
07/13/2011,19.782
07/12/2011,19.037
07/11/2011,18.674
07/08/2011,18.095
07/07/2011,18.554
07/06/2011,18.554
07/05/2011,18.860
07/04/2011,18.755
07/01/2011,18.576
06/30/2011,18.252
06/29/2011,18.817
06/28/2011,18.536
06/27/2011,17.865
06/24/2011,19.055
06/23/2011,18.916
06/22/2011,19.528
06/21/2011,18.708
06/20/2011,18.869
06/17/2011,18.280
06/16/2011,17.761
06/15/2011,18.636
06/14/2011,17.639
06/13/2011,17.164
06/10/2011,17.469
06/09/2011,17.198
06/08/2011,17.371
06/07/2011,18.737
06/06/2011,17.675
06/03/2011,17.491
06/02/2011,17.602
06/01/2011,16.915
05/31/2011,17.273
05/30/2011,17.459
05/27/2011,17.452
05/26/2011,16.622
05/25/2011,17.923
05/24/2011,18.992
05/23/2011,19.373
05/20/2011,20.905
05/19/2011,21.315
05/18/2011,20.681
05/17/2011,19.728
05/16/2011,19.182
05/13/2011,18.383
05/12/2011,18.001
05/11/2011,18.450
05/10/2011,18.243
05/09/2011,18.401
05/06/2011,18.386
05/05/2011,17.588
05/04/2011,17.324
05/03/2011,15.858
04/28/2011,16.384
04/27/2011,15.952
04/26/2011,16.150
04/25/2011,14.755
04/22/2011,15.086
04/21/2011,15.069
04/20/2011,16.270
04/19/2011,16.550
04/18/2011,16.340
04/15/2011,15.854
04/14/2011,17.147
04/13/2011,18.713
04/12/2011,20.842
04/11/2011,21.117
04/08/2011,20.615
04/07/2011,20.987
04/06/2011,21.548
04/05/2011,20.531
04/04/2011,21.175
04/01/2011,21.080
03/31/2011,20.658
03/30/2011,21.433
03/29/2011,21.614
03/28/2011,21.698
03/25/2011,22.182
03/24/2011,23.090
03/23/2011,23.161
03/22/2011,23.343
03/21/2011,20.941
03/18/2011,20.415
03/17/2011,19.903
03/16/2011,19.065
03/15/2011,20.280
03/14/2011,20.741
03/11/2011,22.068
03/10/2011,24.129
03/09/2011,24.987
03/08/2011,25.093
03/07/2011,26.473
03/04/2011,26.827
03/03/2011,26.629
03/02/2011,26.797
03/01/2011,26.829
02/28/2011,27.986
02/25/2011,28.395
02/24/2011,27.881
02/23/2011,26.857
02/22/2011,26.675
02/21/2011,28.674
02/18/2011,28.827
02/17/2011,28.898
02/16/2011,28.518
02/15/2011,27.231
02/14/2011,27.165
02/11/2011,27.222
02/10/2011,27.865
02/09/2011,28.351
02/08/2011,27.228
02/07/2011,27.207
02/04/2011,27.470
02/03/2011,28.979
02/02/2011,29.460
02/01/2011,28.906
01/31/2011,28.751
01/28/2011,30.535
01/27/2011,30.386
01/26/2011,31.730
01/25/2011,31.965
01/24/2011,31.644
01/21/2011,30.559
01/20/2011,30.769
01/19/2011,31.283
01/18/2011,31.130
01/17/2011,30.911
01/14/2011,30.634
01/13/2011,30.409
01/12/2011,29.383
01/11/2011,28.142
01/10/2011,26.289
01/07/2011,26.997
01/06/2011,26.052
01/05/2011,26.939
01/04/2011,27.011
01/03/2011,27.260
12/31/2010,27.253
12/30/2010,27.960
12/29/2010,29.265
12/28/2010,27.601
12/27/2010,27.594
12/24/2010,27.585
12/23/2010,28.104
12/22/2010,28.465
12/21/2010,27.943
12/20/2010,27.131
12/17/2010,29.663
12/16/2010,30.173
12/15/2010,29.262
12/14/2010,30.457
12/13/2010,32.154
12/10/2010,29.899
12/09/2010,28.887
12/08/2010,28.941
12/07/2010,26.725
12/06/2010,25.142
12/03/2010,24.649
12/02/2010,23.884
12/01/2010,24.889
11/30/2010,24.719
11/29/2010,25.776
11/26/2010,25.897
11/25/2010,23.970
11/24/2010,28.419
11/23/2010,27.183
11/22/2010,27.787
11/19/2010,29.928
11/18/2010,30.130
11/17/2010,31.733
11/16/2010,31.813
11/15/2010,31.189
11/12/2010,31.013
11/11/2010,31.497
11/10/2010,29.717
11/09/2010,28.019
11/08/2010,27.093
11/05/2010,28.198
11/04/2010,27.325
11/03/2010,26.894
11/02/2010,27.941
11/01/2010,28.405
10/29/2010,29.908
10/28/2010,30.243
10/27/2010,29.674
10/26/2010,26.854
10/25/2010,29.083
10/22/2010,30.430
10/21/2010,30.859
10/20/2010,32.865
10/19/2010,33.389
10/18/2010,32.458
10/15/2010,33.338
10/14/2010,31.230
10/13/2010,31.428
10/12/2010,29.500
10/11/2010,27.806
10/08/2010,25.973
10/07/2010,28.399
10/06/2010,29.969
10/05/2010,30.066
10/04/2010,29.983
10/01/2010,30.792
09/30/2010,31.068
09/29/2010,29.357
09/28/2010,30.267
09/27/2010,32.438
09/24/2010,33.653
09/23/2010,34.386
09/22/2010,34.865
09/21/2010,35.296
09/20/2010,35.583
09/17/2010,34.530
09/16/2010,34.125
09/15/2010,34.888
09/14/2010,34.066
09/13/2010,32.247
09/10/2010,29.961
09/09/2010,29.076
09/08/2010,29.405
09/07/2010,30.156
09/06/2010,30.576
09/03/2010,31.667
09/02/2010,31.294
09/01/2010,29.794
08/31/2010,26.418
08/30/2010,28.184
08/27/2010,28.175
08/26/2010,27.593
08/25/2010,29.820
08/24/2010,32.023
08/23/2010,33.604
08/20/2010,32.489
08/19/2010,30.241
08/18/2010,32.867
08/17/2010,32.640
08/16/2010,33.196
08/13/2010,34.180
08/12/2010,33.084
08/11/2010,35.696
08/10/2010,33.574
08/09/2010,34.582
08/06/2010,35.123
08/05/2010,33.002
08/04/2010,33.314
08/03/2010,31.792
08/02/2010,33.980
07/30/2010,35.031
07/29/2010,36.661
07/28/2010,35.122
07/27/2010,35.760
07/26/2010,35.795
07/23/2010,34.815
07/22/2010,35.043
07/21/2010,36.535
07/20/2010,34.664
07/19/2010,33.781
07/16/2010,32.289
07/15/2010,33.091
07/14/2010,32.214
07/13/2010,31.779
07/12/2010,31.649
07/09/2010,31.618
07/08/2010,32.566
07/07/2010,31.316
07/06/2010,29.663
07/05/2010,27.297
07/02/2010,28.193
07/01/2010,29.242
06/30/2010,32.601
06/29/2010,34.828
06/28/2010,34.509
06/25/2010,34.887
06/24/2010,34.382
06/23/2010,32.785
06/22/2010,30.389
06/21/2010,28.976
06/18/2010,30.821
06/17/2010,35.722
06/16/2010,37.601
06/15/2010,40.493
06/14/2010,40.518
06/11/2010,40.421
06/10/2010,41.714
06/09/2010,40.523
06/08/2010,40.262
06/07/2010,39.248
06/04/2010,40.067
06/03/2010,39.619
06/02/2010,37.026
06/01/2010,35.866
05/31/2010,35.237
05/28/2010,35.233
05/27/2010,35.623
05/26/2010,35.844
05/25/2010,35.615
05/24/2010,37.104
05/21/2010,38.057
05/20/2010,40.289
05/19/2010,38.707
05/18/2010,39.551
05/17/2010,40.604
05/14/2010,39.545
05/13/2010,39.841
05/12/2010,40.094
05/11/2010,38.868
05/10/2010,38.981
05/07/2010,36.584
05/06/2010,36.059
05/05/2010,36.005
05/04/2010,33.015
05/03/2010,34.440
04/30/2010,34.358
04/29/2010,37.487
04/28/2010,38.572
04/27/2010,39.090
04/26/2010,38.854
04/23/2010,39.803
04/22/2010,38.790
04/21/2010,38.002
04/20/2010,41.401
04/19/2010,41.393
04/16/2010,41.957
04/15/2010,41.243
04/14/2010,39.874
04/13/2010,40.744
04/12/2010,41.252
04/09/2010,42.370
04/08/2010,42.184
04/07/2010,41.157
04/06/2010,37.336
04/05/2010,35.303
04/02/2010,35.296
04/01/2010,35.284
03/31/2010,39.089
03/30/2010,41.673
03/29/2010,40.706
03/26/2010,43.016
03/25/2010,44.423
03/24/2010,42.376
03/23/2010,36.704
03/22/2010,32.250
03/19/2010,31.332
03/18/2010,33.558
03/17/2010,33.274
03/16/2010,35.204
03/15/2010,36.487
03/12/2010,37.975
03/11/2010,39.780
03/10/2010,36.855
03/09/2010,35.494
03/08/2010,36.371
03/05/2010,33.654
03/04/2010,31.615
03/03/2010,33.375
03/02/2010,33.332
03/01/2010,37.291
02/26/2010,34.119
02/25/2010,34.554
02/24/2010,37.117
02/23/2010,41.181
02/22/2010,41.705
02/19/2010,41.237
02/18/2010,39.992
02/17/2010,38.379
02/16/2010,38.705
02/15/2010,39.175
02/12/2010,39.872
02/11/2010,36.318
02/10/2010,31.330
02/09/2010,33.556
02/08/2010,33.881
02/05/2010,29.144
02/04/2010,26.792
02/03/2010,27.251
02/02/2010,27.932
02/01/2010,27.785
01/29/2010,26.792
01/28/2010,26.686
01/27/2010,26.063
01/26/2010,25.960
01/25/2010,23.842
01/22/2010,21.134
01/21/2010,21.411
01/20/2010,22.347
01/19/2010,22.721
01/18/2010,21.105
01/15/2010,22.272
01/14/2010,22.651
01/13/2010,23.873
01/11/2010,21.792
01/08/2010,24.866
01/07/2010,25.231
01/06/2010,25.218
01/05/2010,22.858
01/04/2010,18.921
12/31/2009,18.786
12/30/2009,20.661
12/29/2009,21.232
12/28/2009,23.037
12/25/2009,23.037
12/24/2009,23.037
12/23/2009,21.138
12/22/2009,17.597
12/21/2009,18.371
12/18/2009,17.883
12/17/2009,29.453
12/16/2009,20.059
12/15/2009,24.304
12/14/2009,26.233
12/11/2009,26.736
12/10/2009,28.115
12/09/2009,22.583
12/08/2009,23.662
12/07/2009,20.096
12/04/2009,19.017
12/03/2009,17.813
12/02/2009,16.011
12/01/2009,14.171
11/30/2009,12.714
11/27/2009,13.442
11/26/2009,13.118
11/25/2009,15.797
11/24/2009,13.824
11/23/2009,11.894
11/20/2009,11.763
11/19/2009,11.801
11/18/2009,12.372
11/17/2009,10.757
11/16/2009,11.153
11/13/2009,11.648
11/12/2009,10.700
11/11/2009,8.146
11/09/2009,11.263
11/06/2009,9.713
11/05/2009,8.932
11/04/2009,10.628
11/03/2009,8.235
11/02/2009,8.934
10/30/2009,8.090
10/29/2009,9.213
10/27/2009,4.829
10/26/2009,4.839
10/23/2009,7.682
10/22/2009,10.556
10/21/2009,12.601
10/20/2009,9.792
10/19/2009,9.702
10/16/2009,10.176
10/15/2009,10.457
10/14/2009,11.116
10/13/2009,10.916
10/12/2009,10.377
10/09/2009,12.462
10/08/2009,8.443
10/07/2009,6.739
10/06/2009,6.282
10/05/2009,6.221
10/02/2009,8.534
10/01/2009,9.668
09/30/2009,8.004
09/29/2009,6.648
09/28/2009,5.989
09/25/2009,5.380
09/24/2009,8.342
09/23/2009,9.159
09/22/2009,12.697
09/21/2009,8.486
09/18/2009,10.382
09/17/2009,11.866
09/16/2009,12.695
09/15/2009,12.760
09/14/2009,11.491
09/11/2009,11.673
09/10/2009,15.833
09/09/2009,16.309
09/08/2009,12.709
09/07/2009,9.969
09/04/2009,10.583
09/03/2009,9.138
09/02/2009,5.974
09/01/2009,8.235
08/28/2009,9.618
08/27/2009,6.660
08/26/2009,5.884
08/25/2009,3.854
08/24/2009,2.051
08/21/2009,3.336
08/20/2009,2.243
08/19/2009,2.565
08/18/2009,-0.300
08/17/2009,-1.225
08/14/2009,-0.426
08/13/2009,0.162
08/12/2009,2.349
08/11/2009,4.481
08/10/2009,2.479
08/07/2009,0.451
08/06/2009,7.883
08/05/2009,19.452
08/04/2009,21.298
08/03/2009,23.226
07/31/2009,17.695
07/30/2009,22.689
07/29/2009,23.002
07/28/2009,21.197
07/27/2009,20.178
07/24/2009,20.983
07/23/2009,21.814
07/22/2009,22.522
07/21/2009,21.877
07/20/2009,23.050
07/17/2009,24.335
07/16/2009,23.442
07/15/2009,18.598
07/14/2009,17.517
07/13/2009,16.354
07/10/2009,14.646
07/09/2009,14.415
07/08/2009,12.045
07/07/2009,12.643
07/06/2009,11.812
07/03/2009,14.811
07/02/2009,17.636
07/01/2009,17.073
06/30/2009,12.610
06/29/2009,8.502
06/26/2009,13.651
06/25/2009,19.215
06/24/2009,19.222
06/23/2009,18.511
06/22/2009,19.608
06/19/2009,21.944
06/18/2009,25.826
06/17/2009,28.845
06/16/2009,31.824
06/15/2009,34.288
06/12/2009,34.367
06/11/2009,39.785
06/10/2009,34.467
06/09/2009,33.152
06/08/2009,31.498
06/05/2009,38.352
06/04/2009,39.530
06/03/2009,40.862
06/02/2009,44.222
06/01/2009,47.479
05/29/2009,43.861
05/28/2009,44.896
05/27/2009,52.232
05/26/2009,49.007
05/25/2009,47.761
05/22/2009,47.759
05/21/2009,45.837
05/20/2009,40.154
05/19/2009,40.728
05/18/2009,39.517
05/15/2009,40.173
05/14/2009,37.934
05/13/2009,36.538
05/12/2009,35.452
05/11/2009,37.300
05/08/2009,39.111
05/07/2009,36.204
05/06/2009,45.090
05/05/2009,49.818
05/04/2009,54.050
05/01/2009,54.040
04/30/2009,55.346
04/29/2009,49.401
04/28/2009,47.162
04/27/2009,46.450
04/24/2009,49.329
04/23/2009,49.328
04/22/2009,45.322
04/21/2009,42.406
04/20/2009,41.098
04/17/2009,45.681
04/16/2009,45.744
04/15/2009,42.627
04/14/2009,40.725
04/13/2009,42.532
04/10/2009,42.518
04/09/2009,42.532
04/08/2009,42.255
04/07/2009,49.481
04/06/2009,43.051
04/03/2009,43.077
04/02/2009,46.579
04/01/2009,40.170
03/31/2009,40.150
03/30/2009,39.857
03/27/2009,44.091
03/26/2009,43.211
03/25/2009,44.806
03/24/2009,44.593
03/23/2009,37.066
03/20/2009,37.996
03/19/2009,39.564
03/18/2009,35.370
03/17/2009,29.741
03/16/2009,29.122
03/13/2009,27.609
03/12/2009,26.622
03/11/2009,38.551
03/10/2009,44.781
03/09/2009,44.023
03/06/2009,33.058
03/05/2009,48.600
03/04/2009,67.503
03/03/2009,53.996
03/02/2009,50.621
02/27/2009,44.807
02/26/2009,45.259
02/25/2009,43.221
02/24/2009,39.126
02/23/2009,35.501
02/20/2009,36.367
02/19/2009,38.728
02/18/2009,32.902
02/17/2009,33.259
02/16/2009,41.331
02/13/2009,41.846
02/12/2009,40.831
02/11/2009,50.456
02/10/2009,54.498
02/09/2009,57.597
02/06/2009,60.596
02/05/2009,66.194
02/04/2009,70.589
02/03/2009,76.095
02/02/2009,76.668
01/30/2009,76.528
01/29/2009,75.200
01/28/2009,67.583
01/27/2009,68.889
01/26/2009,75.875
01/23/2009,77.659
01/22/2009,70.149
01/21/2009,65.461
01/20/2009,70.433
01/19/2009,56.734
01/16/2009,49.264
01/15/2009,45.640
01/14/2009,46.497
01/13/2009,47.555
01/12/2009,45.497
01/09/2009,49.289
01/08/2009,58.576
01/07/2009,54.162
01/06/2009,52.714
01/05/2009,42.953
01/02/2009,43.109
01/01/2009,39.857
12/31/2008,39.857
12/30/2008,40.562
12/29/2008,41.606
12/26/2008,37.931
12/25/2008,37.931
12/24/2008,37.931
12/23/2008,37.879
12/22/2008,34.728
12/19/2008,35.399
12/18/2008,43.318
12/17/2008,39.659
12/16/2008,43.934
12/15/2008,50.633
12/12/2008,60.698
12/11/2008,59.973
12/10/2008,57.446
12/09/2008,57.014
12/08/2008,57.018
12/05/2008,56.810
12/04/2008,57.725
12/03/2008,62.807
12/02/2008,57.087
12/01/2008,59.967
11/28/2008,51.055
11/27/2008,47.384
11/26/2008,48.308
11/25/2008,43.711
11/24/2008,45.036
11/21/2008,42.669
11/20/2008,38.974
11/19/2008,40.020
11/18/2008,42.778
11/17/2008,43.566
11/14/2008,37.531
11/13/2008,39.142
11/12/2008,41.482
11/11/2008,37.911
11/10/2008,37.044
11/07/2008,33.177
11/06/2008,36.932
11/05/2008,37.351
11/04/2008,33.668
11/03/2008,32.154
10/31/2008,29.251
10/30/2008,32.118
10/29/2008,34.748
10/28/2008,34.773
10/27/2008,32.559
10/24/2008,32.947
10/23/2008,33.749
10/22/2008,34.583
10/21/2008,33.144
10/20/2008,31.126
10/17/2008,28.195
10/16/2008,40.036
10/15/2008,50.398
10/14/2008,56.547
10/13/2008,57.727
10/10/2008,43.665
10/09/2008,30.105
10/08/2008,30.091
10/07/2008,15.436
10/06/2008,11.798
10/03/2008,9.457
10/02/2008,8.927
10/01/2008,6.331
09/30/2008,5.409
09/29/2008,3.039
09/26/2008,3.782
09/25/2008,2.137
09/24/2008,0.107
09/23/2008,1.988
09/22/2008,3.217
09/19/2008,-0.372
09/18/2008,-6.223
09/17/2008,-6.760
09/16/2008,-5.374
09/15/2008,-4.686
09/12/2008,0.753
09/11/2008,-1.133
09/10/2008,-2.059
09/09/2008,-2.530
09/08/2008,-4.097
09/05/2008,-7.103
09/04/2008,-4.555
09/03/2008,-2.779
09/02/2008,-2.027
09/01/2008,-3.958
08/29/2008,-4.716
08/28/2008,-6.188
08/27/2008,-8.616
08/26/2008,-11.239
08/25/2008,-9.057
08/22/2008,-9.057
08/21/2008,-11.103
08/20/2008,-12.124
08/19/2008,-12.972
08/18/2008,-11.758
08/15/2008,-10.338
08/14/2008,-9.338
08/13/2008,-10.320
08/12/2008,-11.399
08/11/2008,-10.554
08/08/2008,-10.240
08/07/2008,-10.355
08/06/2008,-9.028
08/05/2008,-8.945
08/04/2008,-9.835
08/01/2008,-10.666
07/31/2008,-6.587
07/30/2008,-10.467
07/29/2008,-9.847
07/28/2008,-9.503
07/25/2008,-7.585
07/24/2008,-6.771
07/23/2008,-4.372
07/22/2008,-7.642
07/21/2008,-8.335
07/18/2008,-8.607
07/17/2008,-12.505
07/16/2008,-14.018
07/15/2008,-13.154
07/14/2008,-15.063
07/11/2008,-13.962
07/10/2008,-14.668
07/09/2008,-15.131
07/08/2008,-15.733
07/07/2008,-15.483
07/04/2008,-14.801
07/03/2008,-13.770
07/02/2008,-13.188
07/01/2008,-12.195
06/30/2008,-12.113
06/27/2008,-13.164
06/26/2008,-12.816
06/25/2008,-13.268
06/24/2008,-14.699
06/23/2008,-16.578
06/20/2008,-16.819
06/19/2008,-16.830
06/18/2008,-16.149
06/17/2008,-17.875
06/16/2008,-18.693
06/13/2008,-18.208
06/12/2008,-16.960
06/11/2008,-17.086
06/10/2008,-17.156
06/09/2008,-17.727
06/06/2008,-16.318
06/05/2008,-16.913
06/04/2008,-15.939
06/03/2008,-14.723
06/02/2008,-15.921
05/30/2008,-17.799
05/29/2008,-15.009
05/28/2008,-18.168
05/27/2008,-16.633
05/26/2008,-18.554
05/23/2008,-18.544
05/22/2008,-16.547
05/21/2008,-15.159
05/20/2008,-15.671
05/19/2008,-14.647
05/16/2008,-16.977
05/15/2008,-16.520
05/14/2008,-17.326
05/13/2008,-18.858
05/12/2008,-20.603
05/09/2008,-20.222
05/08/2008,-19.081
05/07/2008,-18.215
05/06/2008,-19.660
05/05/2008,-19.604
05/02/2008,-19.598
05/01/2008,-19.080
04/30/2008,-19.764
04/29/2008,-20.198
04/28/2008,-19.560
04/25/2008,-19.495
04/24/2008,-18.359
04/23/2008,-19.511
04/22/2008,-20.044
04/21/2008,-19.364
04/18/2008,-19.715
04/17/2008,-19.680
04/16/2008,-21.573
04/15/2008,-23.180
04/14/2008,-23.877
04/11/2008,-24.528
04/10/2008,-25.253
04/09/2008,-24.984
04/08/2008,-24.186
04/07/2008,-24.496
04/04/2008,-27.305
04/03/2008,-26.386
04/02/2008,-25.940
04/01/2008,-26.404
03/31/2008,-28.232
03/28/2008,-27.803
03/27/2008,-25.979
03/26/2008,-25.702
03/25/2008,-27.396
03/24/2008,-29.877
03/21/2008,-29.872
03/20/2008,-29.872
03/19/2008,-32.763
03/18/2008,-33.933
03/17/2008,-34.582
03/14/2008,-36.123
03/13/2008,-35.224
03/12/2008,-34.733
03/11/2008,-39.539
03/10/2008,-41.598
03/07/2008,-39.172
03/06/2008,-39.445
03/05/2008,-36.562
03/04/2008,-37.761
03/03/2008,-36.092
02/29/2008,-36.606
02/28/2008,-32.152
02/27/2008,-31.272
02/26/2008,-31.606
02/25/2008,-31.898
02/22/2008,-32.248
02/21/2008,-32.008
02/20/2008,-32.290
02/19/2008,-32.177
02/18/2008,-32.172
02/15/2008,-32.516
02/14/2008,-31.849
02/13/2008,-32.697
02/12/2008,-32.670
02/11/2008,-32.893
02/08/2008,-32.829
02/07/2008,-33.136
02/06/2008,-32.691
02/05/2008,-32.734
02/04/2008,-33.510
02/01/2008,-32.662
01/31/2008,-33.504
01/30/2008,-31.273
01/29/2008,-29.748
01/28/2008,-29.577
01/25/2008,-29.124
01/24/2008,-29.278
01/23/2008,-28.916
01/22/2008,-30.030
01/21/2008,-31.550
01/18/2008,-31.210
01/17/2008,-31.015
01/16/2008,-30.798
01/15/2008,-31.086
01/14/2008,-30.532
01/11/2008,-31.343
01/10/2008,-31.129
01/09/2008,-31.075
01/08/2008,-30.430
01/07/2008,-32.681
01/04/2008,-34.123
01/03/2008,-35.419
01/02/2008,-35.813
01/01/2008,-34.736
12/31/2007,-34.727
12/28/2007,-34.730
12/27/2007,-33.967
12/26/2007,-33.378
12/25/2007,-33.369
12/24/2007,-33.369
12/21/2007,-33.416
12/20/2007,-32.447
12/19/2007,-28.724
12/18/2007,-29.513
12/17/2007,-29.428
12/14/2007,-29.717
12/13/2007,-29.165
12/12/2007,-27.791
12/11/2007,-31.580
12/10/2007,-31.416
12/07/2007,-32.789
12/06/2007,-34.481
12/05/2007,-34.745
12/04/2007,-35.216
12/03/2007,-36.113
11/30/2007,-36.507
11/29/2007,-34.255
11/28/2007,-34.729
11/27/2007,-37.139
11/26/2007,-38.111
11/23/2007,-38.513
11/22/2007,-39.169
11/21/2007,-39.554
11/20/2007,-38.186
11/19/2007,-38.215
11/16/2007,-38.471
11/15/2007,-35.750
11/14/2007,-35.290
11/13/2007,-35.485
11/12/2007,-35.943
11/09/2007,-36.191
11/08/2007,-36.620
11/07/2007,-35.415
11/06/2007,-33.877
11/05/2007,-33.939
11/02/2007,-35.018
11/01/2007,-33.818
10/31/2007,-32.994
10/30/2007,-32.924
10/29/2007,-35.031
10/26/2007,-34.301
10/25/2007,-34.618
10/24/2007,-36.090
10/23/2007,-37.255
10/22/2007,-38.122
10/19/2007,-38.014
10/18/2007,-37.243
10/17/2007,-35.557
10/16/2007,-35.450
10/15/2007,-35.017
10/12/2007,-35.325
10/11/2007,-35.438
10/10/2007,-36.847
10/09/2007,-38.478
10/08/2007,-38.662
10/05/2007,-38.003
10/04/2007,-38.120
10/03/2007,-36.759
10/02/2007,-35.550
10/01/2007,-35.601
09/28/2007,-35.822
09/27/2007,-35.639
09/26/2007,-37.094
09/25/2007,-36.891
09/24/2007,-35.934
09/21/2007,-35.191
09/20/2007,-33.569
09/19/2007,-32.123
09/18/2007,-35.960
09/17/2007,-40.225
09/14/2007,-40.687
09/13/2007,-41.192
09/12/2007,-41.475
09/11/2007,-45.138
09/10/2007,-48.604
09/07/2007,-48.408
09/06/2007,-49.744
09/05/2007,-49.353
09/04/2007,-49.755
09/03/2007,-49.976
08/31/2007,-50.783
08/30/2007,-51.755
08/29/2007,-52.917
08/28/2007,-52.440
08/27/2007,-53.316
08/24/2007,-53.282
08/23/2007,-53.984
08/22/2007,-53.808
08/21/2007,-56.833
08/20/2007,-55.198
08/17/2007,-54.146
08/16/2007,-55.930
08/15/2007,-54.601
08/14/2007,-52.280
08/13/2007,-51.573
08/10/2007,-51.307
08/09/2007,-50.197
08/08/2007,-47.951
08/07/2007,-51.827
08/06/2007,-52.599
08/03/2007,-51.358
08/02/2007,-51.658
08/01/2007,-55.091
07/31/2007,-55.948
07/30/2007,-58.306
07/27/2007,-57.521
07/26/2007,-56.794
07/25/2007,-54.769
07/24/2007,-54.160
07/23/2007,-54.983
07/20/2007,-50.969
07/19/2007,-48.621
07/18/2007,-50.602
07/17/2007,-47.951
07/16/2007,-46.136
07/13/2007,-44.785
07/12/2007,-44.307
07/11/2007,-44.971
07/10/2007,-42.928
07/09/2007,-42.167
07/06/2007,-41.623
07/05/2007,-41.348
07/04/2007,-41.425
07/03/2007,-40.856
07/02/2007,-40.752
06/29/2007,-41.003
06/28/2007,-40.014
06/27/2007,-40.306
06/26/2007,-39.233
06/25/2007,-39.010
06/22/2007,-38.383
06/21/2007,-38.798
06/20/2007,-38.607
06/19/2007,-39.231
06/18/2007,-39.071
06/15/2007,-38.439
06/14/2007,-37.112
06/13/2007,-36.869
06/12/2007,-35.966
06/11/2007,-36.150
06/08/2007,-36.643
06/07/2007,-35.150
06/06/2007,-34.699
06/05/2007,-34.740
06/04/2007,-35.506
06/01/2007,-35.261
05/31/2007,-35.228
05/30/2007,-35.050
05/29/2007,-35.114
05/28/2007,-35.198
05/25/2007,-35.183
05/24/2007,-35.814
05/23/2007,-35.987
05/22/2007,-36.060
05/21/2007,-36.491
05/18/2007,-36.437
05/17/2007,-37.175
05/16/2007,-36.951
05/15/2007,-37.122
05/14/2007,-36.662
05/11/2007,-36.803
05/10/2007,-37.418
05/09/2007,-37.454
05/08/2007,-37.928
05/07/2007,-38.258
05/04/2007,-38.224
05/03/2007,-38.369
05/02/2007,-38.325
05/01/2007,-38.492
04/30/2007,-38.176
04/27/2007,-37.708
04/26/2007,-37.542
04/25/2007,-38.619
04/24/2007,-38.842
04/23/2007,-38.996
04/20/2007,-38.749
04/19/2007,-38.515
04/18/2007,-38.206
04/17/2007,-38.148
04/16/2007,-37.722
04/13/2007,-37.406
04/12/2007,-38.131
04/11/2007,-38.202
04/10/2007,-38.260
04/09/2007,-38.197
04/06/2007,-38.164
04/05/2007,-38.164
04/04/2007,-38.144
04/03/2007,-37.010
04/02/2007,-36.948
03/30/2007,-36.346
03/29/2007,-35.810
03/28/2007,-35.500
03/27/2007,-34.931
03/26/2007,-35.302
03/23/2007,-36.062
03/22/2007,-35.983
03/21/2007,-36.204
03/20/2007,-36.121
03/19/2007,-35.798
03/16/2007,-35.621
03/15/2007,-36.081
03/14/2007,-36.158
03/13/2007,-35.601
03/12/2007,-35.526
03/09/2007,-35.063
03/08/2007,-34.902
03/07/2007,-35.494
03/06/2007,-35.020
03/05/2007,-34.613
03/02/2007,-34.408
03/01/2007,-34.033
02/28/2007,-33.831
02/27/2007,-34.067
02/26/2007,-33.754
02/23/2007,-32.916
02/22/2007,-32.755
02/21/2007,-33.199
02/20/2007,-33.529
02/19/2007,-33.610
02/16/2007,-33.073
02/15/2007,-33.009
02/14/2007,-32.940
02/13/2007,-32.796
02/12/2007,-32.802
02/09/2007,-32.456
02/08/2007,-32.144
02/07/2007,-32.479
02/06/2007,-32.636
02/05/2007,-32.822
02/02/2007,-32.279
02/01/2007,-32.481
01/31/2007,-32.270
01/30/2007,-32.233
01/29/2007,-32.394
01/26/2007,-32.718
01/25/2007,-32.712
01/24/2007,-33.264
01/23/2007,-34.037
01/22/2007,-33.587
01/19/2007,-33.115
01/18/2007,-33.231
01/17/2007,-32.714
01/16/2007,-32.756
01/15/2007,-32.296
01/12/2007,-33.235
01/11/2007,-33.235
01/10/2007,-32.907
01/09/2007,-33.202
01/08/2007,-32.582
01/05/2007,-32.355
01/04/2007,-32.627
01/03/2007,-32.768
01/02/2007,-33.332
01/01/2007,-33.032
12/29/2006,-33.032
12/28/2006,-33.032
12/27/2006,-33.602
12/26/2006,-32.936
12/25/2006,-32.936
12/22/2006,-32.936
12/21/2006,-32.936
12/20/2006,-33.407
12/19/2006,-32.642
12/18/2006,-32.812
12/15/2006,-32.458
12/14/2006,-32.448
12/13/2006,-32.637
12/12/2006,-32.578
12/11/2006,-32.418
12/08/2006,-32.486
12/07/2006,-32.459
12/06/2006,-31.964
12/05/2006,-32.168
12/04/2006,-33.060
12/01/2006,-32.849
11/30/2006,-33.524
11/29/2006,-33.347
11/28/2006,-33.435
11/27/2006,-32.998
11/24/2006,-33.222
11/23/2006,-33.064
11/22/2006,-33.552
11/21/2006,-33.669
11/20/2006,-33.677
11/17/2006,-33.826
11/16/2006,-33.514
11/15/2006,-33.531
11/14/2006,-33.544
11/13/2006,-34.225
11/10/2006,-34.298
11/09/2006,-34.650
11/08/2006,-34.410
11/07/2006,-34.645
11/06/2006,-34.885
11/03/2006,-35.215
11/02/2006,-35.194
11/01/2006,-35.352
10/31/2006,-35.109
10/30/2006,-35.241
10/27/2006,-35.608
10/26/2006,-35.369
10/25/2006,-35.140
10/24/2006,-34.896
10/23/2006,-34.841
10/20/2006,-35.014
10/19/2006,-34.436
10/18/2006,-34.846
10/17/2006,-34.661
10/16/2006,-34.432
10/13/2006,-34.685
10/12/2006,-34.548
10/11/2006,-34.955
10/10/2006,-35.121
10/09/2006,-36.179
10/06/2006,-36.348
10/05/2006,-36.339
10/04/2006,-36.407
10/03/2006,-35.960
10/02/2006,-36.466
09/29/2006,-35.530
09/28/2006,-35.508
09/27/2006,-35.508
09/26/2006,-35.928
09/25/2006,-36.064
09/22/2006,-36.156
09/21/2006,-35.201
09/20/2006,-34.913
09/19/2006,-34.837
09/18/2006,-34.615
09/15/2006,-35.059
09/14/2006,-34.895
09/13/2006,-34.635
09/12/2006,-35.435
09/11/2006,-34.672
09/08/2006,-34.343
09/07/2006,-33.802
09/06/2006,-33.789
09/05/2006,-34.612
09/04/2006,-36.018
09/01/2006,-36.473
08/31/2006,-36.471
08/30/2006,-36.319
08/29/2006,-36.075
08/28/2006,-35.776
08/25/2006,-36.481
08/24/2006,-36.481
08/23/2006,-37.286
08/22/2006,-36.626
08/21/2006,-36.471
08/18/2006,-36.278
08/17/2006,-36.297
08/16/2006,-36.990
08/15/2006,-37.554
08/14/2006,-37.040
08/11/2006,-35.972
08/10/2006,-35.660
08/09/2006,-35.436
08/08/2006,-35.619
08/07/2006,-35.286
08/04/2006,-35.023
08/03/2006,-34.809
08/02/2006,-34.366
08/01/2006,-33.973
07/31/2006,-33.505
07/28/2006,-33.334
07/27/2006,-33.656
07/26/2006,-33.511
07/25/2006,-32.679
07/24/2006,-33.582
07/21/2006,-33.877
07/20/2006,-32.910
07/19/2006,-33.084
07/18/2006,-32.988
07/17/2006,-32.154
07/14/2006,-32.460
07/13/2006,-32.084
07/12/2006,-32.115
07/11/2006,-31.696
07/10/2006,-31.285
07/07/2006,-31.162
07/06/2006,-30.275
07/05/2006,-29.903
07/04/2006,-29.876
07/03/2006,-29.389
06/30/2006,-29.376
06/29/2006,-29.671
06/28/2006,-29.678
06/27/2006,-29.634
06/26/2006,-30.453
06/23/2006,-30.585
06/22/2006,-29.654
06/21/2006,-31.481
06/20/2006,-31.601
06/19/2006,-32.396
06/16/2006,-32.780
06/15/2006,-33.598
06/14/2006,-33.240
06/13/2006,-33.639
06/12/2006,-33.752
06/09/2006,-33.438
06/08/2006,-32.306
06/07/2006,-32.447
06/06/2006,-33.426
06/05/2006,-34.472
06/02/2006,-34.831
06/01/2006,-33.679
05/31/2006,-33.238
05/30/2006,-33.376
05/29/2006,-32.922
05/26/2006,-32.636
05/25/2006,-32.636
05/24/2006,-33.179
05/23/2006,-33.368
05/22/2006,-33.513
05/19/2006,-34.015
05/18/2006,-35.076
05/17/2006,-34.252
05/16/2006,-33.569
05/15/2006,-32.192
05/12/2006,-30.987
05/11/2006,-31.059
05/10/2006,-30.975
05/09/2006,-31.829
05/08/2006,-31.814
05/05/2006,-31.931
05/04/2006,-31.597
05/03/2006,-31.274
05/02/2006,-31.069
05/01/2006,-31.225
04/28/2006,-31.225
04/27/2006,-30.683
04/26/2006,-30.797
04/25/2006,-31.161
04/24/2006,-31.618
04/21/2006,-29.675
04/20/2006,-29.989
04/19/2006,-29.694
04/18/2006,-28.202
04/17/2006,-27.994
04/14/2006,-27.619
04/13/2006,-27.619
04/12/2006,-27.244
04/11/2006,-27.286
04/10/2006,-26.565
04/07/2006,-26.348
04/06/2006,-26.140
04/05/2006,-26.572
04/04/2006,-26.799
04/03/2006,-26.222
03/31/2006,-26.328
03/30/2006,-26.853
03/29/2006,-26.430
03/28/2006,-26.462
03/27/2006,-26.421
03/24/2006,-26.811
03/23/2006,-26.901
03/22/2006,-25.934
03/21/2006,-24.674
03/20/2006,-24.894
03/17/2006,-25.164
03/16/2006,-25.956
03/15/2006,-26.707
03/14/2006,-27.536
03/13/2006,-27.360
03/10/2006,-27.182
03/09/2006,-27.143
03/08/2006,-27.962
03/07/2006,-28.602
03/06/2006,-28.671
03/03/2006,-29.056
03/02/2006,-28.386
03/01/2006,-28.198
02/28/2006,-28.396
02/27/2006,-27.799
02/24/2006,-27.919
02/23/2006,-27.126
02/22/2006,-25.893
02/21/2006,-25.335
02/20/2006,-25.525
02/17/2006,-25.102
02/16/2006,-24.820
02/15/2006,-25.368
02/14/2006,-26.427
02/13/2006,-27.146
02/10/2006,-27.554
02/09/2006,-27.352
02/08/2006,-26.585
02/07/2006,-27.307
02/06/2006,-28.618
02/03/2006,-28.739
02/02/2006,-28.755
02/01/2006,-29.299
01/31/2006,-27.590
01/30/2006,-28.290
01/27/2006,-27.682
01/26/2006,-28.185
01/25/2006,-28.903
01/24/2006,-29.941
01/23/2006,-28.702
01/20/2006,-28.687
01/19/2006,-28.009
01/18/2006,-27.976
01/17/2006,-26.816
01/16/2006,-26.869
01/13/2006,-26.788
01/12/2006,-26.677
01/11/2006,-26.132
01/10/2006,-26.271
01/09/2006,-26.521
01/06/2006,-26.731
01/05/2006,-26.676
01/04/2006,-26.475
01/03/2006,-26.789
01/02/2006,-26.553
12/30/2005,-26.553
12/29/2005,-25.744
12/28/2005,-26.074
12/27/2005,-26.067
12/26/2005,-26.067
12/23/2005,-26.067
12/22/2005,-25.650
12/21/2005,-25.872
12/20/2005,-26.184
12/19/2005,-24.796
12/16/2005,-24.510
12/15/2005,-22.040
12/14/2005,-23.346
12/13/2005,-23.186
12/12/2005,-22.869
12/09/2005,-22.631
12/08/2005,-22.317
12/07/2005,-21.848
12/06/2005,-21.335
12/05/2005,-21.248
12/02/2005,-22.355
12/01/2005,-22.607
11/30/2005,-22.719
11/29/2005,-22.841
11/28/2005,-23.856
11/25/2005,-23.970
11/24/2005,-24.869
11/23/2005,-26.677
11/22/2005,-25.213
11/21/2005,-25.058
11/18/2005,-24.924
11/17/2005,-26.025
11/16/2005,-26.454
11/15/2005,-26.202
11/14/2005,-24.389
11/11/2005,-24.521
11/10/2005,-24.987
11/09/2005,-24.715
11/08/2005,-24.422
11/07/2005,-24.434
11/04/2005,-24.262
11/03/2005,-23.681
11/02/2005,-23.708
11/01/2005,-23.753
10/31/2005,-23.613
10/28/2005,-22.229
10/27/2005,-21.772
10/26/2005,-21.623
10/25/2005,-21.629
10/24/2005,-21.497
10/21/2005,-21.873
10/20/2005,-21.520
10/19/2005,-21.330
10/18/2005,-20.911
10/17/2005,-20.974
10/14/2005,-20.395
10/13/2005,-20.944
10/12/2005,-20.980
10/11/2005,-21.223
10/10/2005,-21.296
10/07/2005,-21.467
10/06/2005,-21.323
10/05/2005,-20.860
10/04/2005,-21.169
10/03/2005,-21.525
09/30/2005,-21.554
09/29/2005,-21.775
09/28/2005,-21.901
09/27/2005,-21.666
09/26/2005,-21.960
09/23/2005,-22.315
09/22/2005,-22.418
09/21/2005,-22.250
09/20/2005,-22.318
09/19/2005,-22.085
09/16/2005,-21.953
09/15/2005,-21.952
09/14/2005,-22.298
09/13/2005,-22.324
09/12/2005,-22.454
09/09/2005,-21.964
09/08/2005,-21.696
09/07/2005,-21.373
09/06/2005,-21.357
09/05/2005,-20.752
09/02/2005,-21.005
09/01/2005,-21.178
08/31/2005,-21.296
08/30/2005,-21.294
08/29/2005,-21.385
08/26/2005,-21.385
08/25/2005,-20.837
08/24/2005,-20.931
08/23/2005,-20.517
08/22/2005,-20.835
08/19/2005,-21.034
08/18/2005,-21.553
08/17/2005,-21.875
08/16/2005,-21.954
08/15/2005,-22.032
08/12/2005,-22.070
08/11/2005,-21.127
08/10/2005,-21.318
08/09/2005,-21.354
08/08/2005,-21.437
08/05/2005,-21.315
08/04/2005,-21.246
08/03/2005,-21.843
08/02/2005,-21.990
08/01/2005,-22.255
07/29/2005,-22.933
07/28/2005,-22.354
07/27/2005,-22.133
07/26/2005,-22.519
07/25/2005,-22.106
07/22/2005,-22.357
07/21/2005,-22.206
07/20/2005,-22.089
07/19/2005,-21.787
07/18/2005,-21.499
07/15/2005,-21.896
07/14/2005,-21.201
07/13/2005,-21.318
07/12/2005,-21.660
07/11/2005,-22.321
07/08/2005,-22.016
07/07/2005,-22.079
07/06/2005,-21.250
07/05/2005,-21.240
07/04/2005,-21.068
07/01/2005,-21.217
06/30/2005,-21.179
06/29/2005,-21.332
06/28/2005,-22.545
06/27/2005,-22.353
06/24/2005,-22.261
06/23/2005,-22.268
06/22/2005,-22.621
06/21/2005,-22.706
06/20/2005,-22.720
06/17/2005,-23.402
06/16/2005,-23.129
06/15/2005,-23.666
06/14/2005,-23.677
06/13/2005,-23.875
06/10/2005,-24.145
06/09/2005,-24.697
06/08/2005,-24.606
06/07/2005,-24.758
06/06/2005,-24.389
06/03/2005,-25.221
06/02/2005,-25.188
06/01/2005,-25.348
05/31/2005,-25.356
05/30/2005,-24.982
05/27/2005,-24.982
05/26/2005,-25.107
05/25/2005,-24.953
05/24/2005,-25.022
05/23/2005,-25.665
05/20/2005,-25.795
05/19/2005,-25.795
05/18/2005,-25.451
05/17/2005,-25.123
05/16/2005,-24.555
05/13/2005,-25.089
05/12/2005,-24.497
05/11/2005,-25.063
05/10/2005,-24.653
05/09/2005,-24.438
05/06/2005,-24.367
05/05/2005,-24.920
05/04/2005,-25.228
05/03/2005,-25.384
05/02/2005,-26.153
04/29/2005,-26.153
04/28/2005,-25.685
04/27/2005,-25.146
04/26/2005,-25.192
04/25/2005,-25.535
04/22/2005,-26.074
04/21/2005,-26.397
04/20/2005,-26.437
04/19/2005,-26.104
04/18/2005,-25.604
04/15/2005,-25.212
04/14/2005,-24.004
04/13/2005,-24.830
04/12/2005,-24.994
04/11/2005,-25.420
04/08/2005,-25.643
04/07/2005,-25.639
04/06/2005,-25.357
04/05/2005,-24.700
04/04/2005,-24.691
04/01/2005,-25.220
03/31/2005,-25.687
03/30/2005,-24.694
03/29/2005,-24.588
03/28/2005,-24.641
03/25/2005,-24.641
03/24/2005,-24.641
03/23/2005,-24.227
03/22/2005,-24.354
03/21/2005,-23.206
03/18/2005,-22.900
03/17/2005,-23.429
03/16/2005,-23.860
03/15/2005,-24.247
03/14/2005,-25.318
03/11/2005,-25.062
03/10/2005,-24.868
03/09/2005,-24.954
03/08/2005,-24.024
03/07/2005,-23.728
03/04/2005,-24.105
03/03/2005,-23.750
03/02/2005,-24.797
03/01/2005,-24.154
02/28/2005,-23.957
02/25/2005,-25.009
02/24/2005,-25.051
02/23/2005,-24.709
02/22/2005,-24.538
02/21/2005,-24.418
02/18/2005,-24.692
02/17/2005,-25.179
02/16/2005,-25.005
02/15/2005,-25.934
02/14/2005,-26.922
02/11/2005,-26.700
02/10/2005,-26.801
02/09/2005,-26.814
02/08/2005,-27.205
02/07/2005,-27.065
02/04/2005,-26.211
02/03/2005,-25.205
02/02/2005,-25.201
02/01/2005,-25.006
01/31/2005,-25.381
01/28/2005,-25.711
01/27/2005,-25.617
01/26/2005,-26.136
01/25/2005,-26.079
01/24/2005,-25.751
01/21/2005,-25.813
01/20/2005,-26.491
01/19/2005,-26.643
01/18/2005,-26.707
01/17/2005,-26.227
01/14/2005,-26.267
01/13/2005,-26.130
01/12/2005,-25.882
01/11/2005,-25.617
01/10/2005,-26.242
01/07/2005,-27.185
01/06/2005,-26.472
01/05/2005,-26.709
01/04/2005,-27.060
01/03/2005,-26.322
12/31/2004,-26.322
12/30/2004,-26.228
12/29/2004,-26.918
12/28/2004,-27.979
12/27/2004,-27.979
12/24/2004,-27.979
12/23/2004,-27.802
12/22/2004,-27.642
12/21/2004,-28.482
12/20/2004,-29.030
12/17/2004,-28.522
12/16/2004,-28.813
12/15/2004,-28.660
12/14/2004,-29.250
12/13/2004,-29.409
12/10/2004,-28.780
12/09/2004,-28.677
12/08/2004,-27.627
12/07/2004,-27.331
12/06/2004,-27.125
12/03/2004,-28.280
12/02/2004,-28.252
12/01/2004,-27.523
11/30/2004,-27.788
11/29/2004,-28.161
11/26/2004,-29.641
11/25/2004,-29.163
11/24/2004,-28.276
11/23/2004,-28.869
11/22/2004,-28.917
11/19/2004,-28.128
11/18/2004,-28.448
11/17/2004,-28.491
11/16/2004,-29.286
11/15/2004,-29.266
11/12/2004,-28.804
11/11/2004,-28.498
11/10/2004,-28.587
11/09/2004,-28.574
11/08/2004,-28.744
11/05/2004,-28.270
11/04/2004,-28.930
11/03/2004,-28.443
11/02/2004,-29.419
11/01/2004,-29.335
10/29/2004,-29.763
10/28/2004,-30.029
10/27/2004,-30.027
10/26/2004,-30.019
10/25/2004,-30.170
10/22/2004,-30.525
10/21/2004,-30.276
10/20/2004,-29.400
10/19/2004,-29.791
10/18/2004,-29.704
10/15/2004,-29.562
10/14/2004,-30.607
10/13/2004,-30.139
10/12/2004,-30.279
10/11/2004,-30.797
10/08/2004,-30.944
10/07/2004,-31.057
10/06/2004,-31.828
10/05/2004,-31.948
10/04/2004,-31.076
10/01/2004,-31.668
09/30/2004,-32.036
09/29/2004,-33.991
09/28/2004,-35.725
09/27/2004,-36.149
09/24/2004,-36.339
09/23/2004,-36.293
09/22/2004,-35.843
09/21/2004,-36.697
09/20/2004,-37.067
09/17/2004,-37.092
09/16/2004,-36.000
09/15/2004,-35.327
09/14/2004,-34.476
09/13/2004,-34.922
09/10/2004,-35.124
09/09/2004,-35.183
09/08/2004,-35.967
09/07/2004,-35.695
09/06/2004,-35.834
09/03/2004,-36.653
09/02/2004,-36.986
09/01/2004,-37.919
08/31/2004,-38.891
08/30/2004,-37.511
08/27/2004,-37.511
08/26/2004,-37.002
08/25/2004,-37.098
08/24/2004,-37.159
08/23/2004,-38.340
08/20/2004,-38.676
08/19/2004,-38.637
08/18/2004,-38.675
08/17/2004,-39.275
08/16/2004,-39.329
08/13/2004,-39.382
08/12/2004,-39.405
08/11/2004,-39.849
08/10/2004,-40.006
08/09/2004,-39.186
08/06/2004,-39.399
08/05/2004,-38.484
08/04/2004,-38.729
08/03/2004,-37.885
08/02/2004,-37.334
07/30/2004,-36.504
07/29/2004,-35.936
07/28/2004,-35.760
07/27/2004,-35.973
07/26/2004,-35.473
07/23/2004,-35.355
07/22/2004,-34.705
07/21/2004,-33.983
07/20/2004,-34.687
07/19/2004,-35.217
07/16/2004,-35.040
07/15/2004,-35.904
07/14/2004,-36.150
07/13/2004,-35.909
07/12/2004,-36.372
07/09/2004,-35.946
07/08/2004,-36.335
07/07/2004,-35.178
07/06/2004,-36.659
07/05/2004,-36.649
07/02/2004,-35.444
07/01/2004,-35.601
06/30/2004,-35.714
06/29/2004,-36.755
06/28/2004,-36.324
06/25/2004,-36.072
06/24/2004,-36.297
06/23/2004,-36.284
06/22/2004,-36.421
06/21/2004,-37.796
06/18/2004,-38.536
06/17/2004,-38.056
06/16/2004,-37.506
06/15/2004,-37.496
06/14/2004,-36.663
06/11/2004,-35.962
06/10/2004,-36.169
06/09/2004,-36.659
06/08/2004,-37.359
06/07/2004,-37.879
06/04/2004,-38.121
06/03/2004,-37.852
06/02/2004,-37.484
06/01/2004,-36.847
05/31/2004,-37.010
05/28/2004,-37.010
05/27/2004,-35.994
05/26/2004,-34.234
05/25/2004,-33.915
05/24/2004,-34.177
05/21/2004,-33.513
05/20/2004,-34.325
05/19/2004,-33.539
05/18/2004,-34.047
05/17/2004,-33.835
05/14/2004,-33.168
05/13/2004,-32.302
05/12/2004,-31.985
05/11/2004,-31.483
05/10/2004,-32.998
05/07/2004,-30.810
05/06/2004,-30.008
05/05/2004,-29.090
05/04/2004,-28.870
05/03/2004,-29.102
04/30/2004,-29.102
04/29/2004,-27.853
04/28/2004,-27.998
04/27/2004,-27.659
04/26/2004,-27.418
04/23/2004,-27.948
04/22/2004,-27.779
04/21/2004,-27.482
04/20/2004,-26.823
04/19/2004,-27.090
04/16/2004,-27.076
04/15/2004,-26.193
04/14/2004,-26.123
04/13/2004,-27.700
04/12/2004,-29.483
04/09/2004,-29.483
04/08/2004,-29.483
04/07/2004,-29.027
04/06/2004,-29.073
04/05/2004,-29.711
04/02/2004,-31.278
04/01/2004,-31.820
03/31/2004,-31.235
03/30/2004,-31.295
03/29/2004,-31.171
03/26/2004,-31.338
03/25/2004,-31.552
03/24/2004,-31.995
03/23/2004,-32.309
03/22/2004,-33.126
03/19/2004,-32.484
03/18/2004,-31.866
03/17/2004,-34.455
03/16/2004,-34.916
03/15/2004,-34.000
03/12/2004,-32.370
03/11/2004,-31.258
03/10/2004,-31.614
03/09/2004,-31.566
03/08/2004,-30.787
03/05/2004,-28.548
03/04/2004,-27.653
03/03/2004,-28.348
03/02/2004,-28.058
03/01/2004,-26.577
02/27/2004,-24.871
02/26/2004,-23.791
02/25/2004,-23.502
02/24/2004,-22.587
02/23/2004,-23.669
02/20/2004,-22.827
02/19/2004,-23.470
02/18/2004,-22.816
02/17/2004,-23.202
02/16/2004,-23.703
02/13/2004,-23.924
02/12/2004,-23.684
02/11/2004,-24.111
02/10/2004,-24.057
02/09/2004,-24.227
02/06/2004,-24.237
02/05/2004,-23.874
02/04/2004,-24.212
02/03/2004,-24.035
02/02/2004,-23.711
01/30/2004,-24.552
01/29/2004,-23.547
01/28/2004,-22.846
01/27/2004,-21.927
01/26/2004,-22.303
01/23/2004,-22.283
01/22/2004,-21.794
01/21/2004,-22.803
01/20/2004,-23.875
01/19/2004,-22.453
01/16/2004,-22.698
01/15/2004,-23.250
01/14/2004,-23.964
01/13/2004,-23.590
01/12/2004,-22.990
01/09/2004,-22.997
01/08/2004,-22.884
01/07/2004,-22.566
01/06/2004,-22.763
01/05/2004,-22.825
01/02/2004,-23.040
01/01/2004,-24.996
12/31/2003,-24.996
12/30/2003,-24.902
12/29/2003,-22.654
12/26/2003,-22.763
12/25/2003,-22.763
12/24/2003,-22.763
12/23/2003,-22.417
12/22/2003,-22.536
12/19/2003,-21.269
12/18/2003,-22.020
12/17/2003,-22.118
12/16/2003,-21.289
12/15/2003,-21.105
12/12/2003,-20.970
12/11/2003,-20.775
12/10/2003,-20.217
12/09/2003,-20.992
12/08/2003,-20.289
12/05/2003,-19.837
12/04/2003,-19.330
12/03/2003,-18.256
12/02/2003,-19.878
12/01/2003,-19.787
11/28/2003,-20.095
11/27/2003,-19.661
11/26/2003,-21.372
11/25/2003,-20.044
11/24/2003,-19.414
11/21/2003,-21.113
11/20/2003,-21.142
11/19/2003,-19.566
11/18/2003,-20.105
11/17/2003,-19.188
11/14/2003,-19.681
11/13/2003,-18.843
11/12/2003,-19.340
11/11/2003,-20.693
11/10/2003,-19.684
11/07/2003,-17.950
11/06/2003,-19.331
11/05/2003,-21.769
11/04/2003,-20.873
11/03/2003,-21.499
10/31/2003,-20.056
10/30/2003,-19.620
10/29/2003,-20.394
10/28/2003,-20.475
10/27/2003,-19.285
10/24/2003,-21.735
10/23/2003,-20.319
10/22/2003,-20.327
10/21/2003,-19.613
10/20/2003,-20.906
10/17/2003,-20.820
10/16/2003,-19.298
10/15/2003,-21.105
10/14/2003,-19.762
10/13/2003,-21.078
10/10/2003,-20.475
10/09/2003,-19.773
10/08/2003,-20.167
10/07/2003,-22.490
10/06/2003,-22.000
10/03/2003,-22.823
10/02/2003,-21.157
10/01/2003,-21.173
09/30/2003,-20.094
09/29/2003,-19.707
09/26/2003,-21.252
09/25/2003,-19.276
09/24/2003,-18.270
09/23/2003,-18.046
09/22/2003,-18.054
09/19/2003,-18.370
09/18/2003,-19.418
09/17/2003,-20.075
09/16/2003,-19.588
09/15/2003,-20.090
09/12/2003,-19.756
09/11/2003,-20.188
09/10/2003,-19.841
09/09/2003,-17.702
09/08/2003,-21.964
09/05/2003,-20.183
09/04/2003,-20.581
09/03/2003,-20.906
09/02/2003,-19.966
09/01/2003,-20.973
08/29/2003,-21.041
08/28/2003,-19.984
08/27/2003,-19.360
08/26/2003,-19.858
08/25/2003,-20.779
08/22/2003,-20.779
08/21/2003,-19.815
08/20/2003,-19.960
08/19/2003,-20.035
08/18/2003,-20.481
08/15/2003,-18.603
08/14/2003,-19.759
08/13/2003,-18.264
08/12/2003,-20.062
08/11/2003,-20.748
08/08/2003,-19.934
08/07/2003,-18.163
08/06/2003,-18.971
08/05/2003,-18.145
08/04/2003,-20.196
08/01/2003,-20.052
07/31/2003,-20.158
07/30/2003,-20.648
07/29/2003,-20.136
07/28/2003,-17.176
07/25/2003,-19.893
07/24/2003,-18.376
07/23/2003,-18.812
07/22/2003,-20.382
07/21/2003,-18.984
07/18/2003,-19.922
07/17/2003,-20.280
07/16/2003,-19.473
07/15/2003,-19.361
07/14/2003,-19.540
07/11/2003,-19.248
07/10/2003,-20.199
07/09/2003,-19.590
07/08/2003,-20.587
07/07/2003,-20.866
07/04/2003,-21.795
07/03/2003,-20.711
07/02/2003,-20.737
07/01/2003,-20.614
06/30/2003,-20.692
06/27/2003,-20.804
06/26/2003,-21.817
06/25/2003,-23.367
06/24/2003,-24.122
06/23/2003,-24.614
06/20/2003,-23.818
06/19/2003,-23.484
06/18/2003,-26.804
06/17/2003,-24.587
06/16/2003,-25.450
06/13/2003,-25.038
06/12/2003,-23.969
06/11/2003,-25.334
06/10/2003,-24.142
06/09/2003,-24.358
06/06/2003,-25.686
06/05/2003,-27.548
06/04/2003,-24.904
06/03/2003,-24.121
06/02/2003,-24.062
05/30/2003,-25.152
05/29/2003,-25.191
05/28/2003,-24.956
05/27/2003,-25.402
05/26/2003,-25.009
05/23/2003,-25.009
05/22/2003,-25.731
05/21/2003,-27.386
05/20/2003,-26.250
05/19/2003,-25.447
05/16/2003,-26.185
05/15/2003,-26.889
05/14/2003,-26.778
05/13/2003,-27.104
05/12/2003,-27.443
05/09/2003,-26.318
05/08/2003,-27.960
05/07/2003,-26.305
05/06/2003,-25.320
05/05/2003,-23.864
05/02/2003,-23.864
05/01/2003,-24.729
04/30/2003,-25.183
04/29/2003,-24.203
04/28/2003,-24.341
04/25/2003,-23.093
04/24/2003,-23.673
04/23/2003,-23.384
04/22/2003,-23.008
04/21/2003,-23.481
04/18/2003,-23.481
04/17/2003,-23.481
04/16/2003,-23.555
04/15/2003,-25.720
04/14/2003,-26.256
04/11/2003,-25.585
04/10/2003,-25.424
04/09/2003,-26.300
04/08/2003,-26.544
04/07/2003,-27.034
04/04/2003,-26.000
04/03/2003,-25.357
04/02/2003,-26.662
04/01/2003,-26.389
03/31/2003,-27.272
03/28/2003,-27.622
03/27/2003,-26.596
03/26/2003,-27.092
03/25/2003,-29.532
03/24/2003,-28.644
03/21/2003,-29.599
03/20/2003,-23.462
03/19/2003,-23.416
03/18/2003,-29.258
03/17/2003,-28.208
03/14/2003,-26.715
03/13/2003,-28.620
03/12/2003,-28.719
03/11/2003,-28.377
03/10/2003,-27.738
03/07/2003,-29.149
03/06/2003,-29.428
03/05/2003,-28.627
03/04/2003,-29.165
03/03/2003,-29.057
02/28/2003,-29.160
02/27/2003,-28.710
02/26/2003,-27.157
02/25/2003,-27.336
02/24/2003,-26.659
02/21/2003,-27.436
02/20/2003,-27.817
02/19/2003,-26.955
02/18/2003,-28.600
02/17/2003,-27.092
02/14/2003,-27.456
02/13/2003,-27.196
02/12/2003,-27.744
02/11/2003,-28.585
02/10/2003,-27.246
02/07/2003,-28.150
02/06/2003,-29.932
02/05/2003,-31.075
02/04/2003,-29.970
02/03/2003,-29.844
01/31/2003,-28.134
01/30/2003,-27.830
01/29/2003,-28.498
01/28/2003,-30.305
01/27/2003,-31.675
01/24/2003,-31.975
01/23/2003,-32.444
01/22/2003,-32.169
01/21/2003,-32.611
01/20/2003,-32.989
01/17/2003,-33.281
01/16/2003,-31.990
01/15/2003,-32.716
01/14/2003,-33.435
01/13/2003,-34.421
01/10/2003,-35.524
01/09/2003,-33.824
01/08/2003,-34.088
01/07/2003,-33.603
01/06/2003,-34.185
01/03/2003,-32.847
01/02/2003,-34.471
01/01/2003,-31.498
12/31/2002,-31.498
12/30/2002,-35.949
12/27/2002,-36.070
12/26/2002,-37.012
12/25/2002,-37.012
12/24/2002,-37.012
12/23/2002,-37.305
12/20/2002,-37.818
12/19/2002,-36.091
12/18/2002,-35.523
12/17/2002,-35.154
12/16/2002,-34.573
12/13/2002,-32.211
12/12/2002,-31.694
12/11/2002,-32.396
12/10/2002,-32.317
12/09/2002,-32.247
12/06/2002,-33.227
12/05/2002,-33.700
12/04/2002,-32.995
12/03/2002,-32.661
12/02/2002,-32.859
11/29/2002,-33.528
11/28/2002,-34.047
11/27/2002,-34.191
11/26/2002,-33.945
11/25/2002,-33.575
11/22/2002,-36.006
11/21/2002,-35.238
11/20/2002,-36.540
11/19/2002,-36.698
11/18/2002,-36.785
11/15/2002,-37.239
11/14/2002,-37.004
11/13/2002,-37.894
11/12/2002,-38.361
11/11/2002,-38.261
11/08/2002,-38.696
11/07/2002,-37.942
11/06/2002,-36.112
11/05/2002,-37.298
11/04/2002,-37.693
11/01/2002,-41.367
10/31/2002,-39.553
10/30/2002,-39.186
10/29/2002,-39.263
10/28/2002,-40.351
10/25/2002,-39.901
10/24/2002,-40.701
10/23/2002,-40.287
10/22/2002,-40.563
10/21/2002,-40.263
10/18/2002,-40.192
10/17/2002,-41.931
10/16/2002,-43.653
10/15/2002,-45.155
10/14/2002,-45.539
10/11/2002,-46.789
10/10/2002,-46.954
10/09/2002,-45.904
10/08/2002,-45.178
10/07/2002,-45.907
10/04/2002,-44.862
10/03/2002,-45.363
10/02/2002,-45.819
10/01/2002,-45.459
09/30/2002,-46.479
09/27/2002,-43.952
09/26/2002,-44.120
09/25/2002,-44.038
09/24/2002,-44.982
09/23/2002,-44.151
09/20/2002,-43.263
09/19/2002,-41.425
09/18/2002,-40.443
09/17/2002,-40.064
09/16/2002,-40.250
09/13/2002,-39.895
09/12/2002,-41.422
09/11/2002,-43.423
09/10/2002,-44.324
09/09/2002,-43.617
09/06/2002,-43.127
09/05/2002,-42.851
09/04/2002,-41.421
09/03/2002,-42.074
09/02/2002,-39.770
08/30/2002,-39.607
08/29/2002,-40.112
08/28/2002,-41.214
08/27/2002,-40.286
08/26/2002,-41.054
08/23/2002,-41.054
08/22/2002,-40.715
08/21/2002,-43.997
08/20/2002,-46.380
08/19/2002,-47.581
08/16/2002,-46.368
08/15/2002,-46.902
08/14/2002,-47.551
08/13/2002,-47.089
08/12/2002,-47.326
08/09/2002,-42.943
08/08/2002,-42.067
08/07/2002,-42.107
08/06/2002,-39.484
08/05/2002,-38.265
08/02/2002,-38.374
08/01/2002,-37.023
07/31/2002,-37.048
07/30/2002,-36.011
07/29/2002,-36.508
07/26/2002,-36.836
07/25/2002,-35.778
07/24/2002,-36.832
07/23/2002,-34.618
07/22/2002,-37.818
07/19/2002,-36.923
07/18/2002,-34.902
07/17/2002,-34.294
07/16/2002,-35.076
07/15/2002,-34.886
07/12/2002,-36.367
07/11/2002,-36.421
07/10/2002,-34.561
07/09/2002,-34.982
07/08/2002,-34.976
07/05/2002,-34.000
07/04/2002,-34.387
07/03/2002,-33.718
07/02/2002,-33.709
07/01/2002,-35.050
06/28/2002,-34.547
06/27/2002,-35.217
06/26/2002,-36.320
06/25/2002,-35.216
06/24/2002,-33.963
06/21/2002,-34.556
06/20/2002,-33.725
06/19/2002,-35.581
06/18/2002,-35.636
06/17/2002,-35.736
06/14/2002,-35.825
06/13/2002,-37.524
06/12/2002,-34.145
06/11/2002,-33.808
06/10/2002,-34.011
06/07/2002,-34.476
06/06/2002,-33.964
06/05/2002,-33.251
06/04/2002,-32.159
06/03/2002,-32.159
05/31/2002,-32.159
05/30/2002,-32.512
05/29/2002,-32.798
05/28/2002,-31.400
05/27/2002,-34.101
05/24/2002,-33.101
05/23/2002,-31.622
05/22/2002,-31.601
05/21/2002,-30.735
05/20/2002,-30.883
05/17/2002,-28.346
05/16/2002,-30.746
05/15/2002,-28.832
05/14/2002,-30.054
05/13/2002,-29.593
05/10/2002,-29.885
05/09/2002,-30.997
05/08/2002,-30.956
05/07/2002,-29.689
05/06/2002,-30.925
05/03/2002,-30.925
05/02/2002,-30.118
05/01/2002,-30.010
04/30/2002,-29.700
04/29/2002,-30.144
04/26/2002,-31.690
04/25/2002,-31.371
04/24/2002,-30.267
04/23/2002,-30.241
04/22/2002,-31.223
04/19/2002,-30.753
04/18/2002,-28.931
04/17/2002,-30.414
04/16/2002,-29.683
04/15/2002,-30.951
04/12/2002,-30.340
04/11/2002,-30.245
04/10/2002,-28.912
04/09/2002,-29.025
04/08/2002,-28.540
04/05/2002,-28.578
04/04/2002,-29.010
04/03/2002,-29.505
04/02/2002,-27.276
04/01/2002,-24.680
03/29/2002,-24.680
03/28/2002,-24.680
03/27/2002,-27.884
03/26/2002,-24.718
03/25/2002,-26.392
03/22/2002,-27.762
03/21/2002,-28.107
03/20/2002,-28.421
03/19/2002,-26.571
03/18/2002,-26.541
03/15/2002,-27.506
03/14/2002,-27.692
03/13/2002,-24.771
03/12/2002,-30.510
03/11/2002,-30.991
03/08/2002,-30.899
03/07/2002,-29.093
03/06/2002,-28.623
03/05/2002,-29.122
03/04/2002,-29.149
03/01/2002,-29.737
02/28/2002,-29.782
02/27/2002,-30.519
02/26/2002,-28.936
02/25/2002,-29.932
02/22/2002,-31.812
02/21/2002,-30.613
02/20/2002,-31.092
02/19/2002,-30.253
02/18/2002,-30.380
02/15/2002,-32.070
02/14/2002,-31.682
02/13/2002,-30.811
02/12/2002,-32.410
02/11/2002,-31.222
02/08/2002,-29.977
02/07/2002,-28.805
02/06/2002,-30.396
02/05/2002,-30.460
02/04/2002,-29.021
02/01/2002,-29.613
01/31/2002,-31.180
01/30/2002,-31.065
01/29/2002,-33.392
01/28/2002,-31.924
01/25/2002,-31.879
01/24/2002,-32.449
01/23/2002,-31.271
01/22/2002,-36.372
01/21/2002,-35.749
01/18/2002,-35.694
01/17/2002,-37.124
01/16/2002,-35.656
01/15/2002,-35.932
01/14/2002,-37.161
01/11/2002,-40.661
01/10/2002,-40.477
01/09/2002,-40.783
01/08/2002,-38.473
01/07/2002,-38.202
01/04/2002,-37.857
01/03/2002,-37.348
01/02/2002,-40.391
01/01/2002,-40.236
12/31/2001,-40.236
12/28/2001,-42.046
12/27/2001,-41.111
12/26/2001,-48.071
12/25/2001,-48.071
12/24/2001,-48.071
12/21/2001,-43.758
12/20/2001,-43.554
12/19/2001,-44.113
12/18/2001,-41.719
12/17/2001,-41.672
12/14/2001,-41.503
12/13/2001,-43.770
12/12/2001,-42.458
12/11/2001,-39.354
12/10/2001,-38.678
12/07/2001,-41.704
12/06/2001,-43.266
12/05/2001,-40.830
12/04/2001,-37.850
12/03/2001,-40.229
11/30/2001,-42.891
11/29/2001,-43.481
11/28/2001,-42.491
11/27/2001,-43.810
11/26/2001,-38.064
11/23/2001,-39.902
11/22/2001,-41.250
11/21/2001,-41.433
11/20/2001,-42.039
11/19/2001,-42.218
11/16/2001,-44.180
11/15/2001,-42.697
11/14/2001,-41.628
11/13/2001,-44.704
11/12/2001,-47.558
11/09/2001,-46.337
11/08/2001,-49.070
11/07/2001,-53.597
11/06/2001,-57.520
11/05/2001,-57.151
11/02/2001,-58.617
11/01/2001,-57.909
10/31/2001,-60.078
10/30/2001,-54.451
10/29/2001,-51.958
10/26/2001,-49.637
10/25/2001,-48.001
10/24/2001,-47.697
10/23/2001,-46.922
10/22/2001,-46.503
10/19/2001,-45.536
10/18/2001,-45.879
10/17/2001,-44.002
10/16/2001,-44.158
10/15/2001,-44.832
10/12/2001,-43.844
10/11/2001,-44.026
10/10/2001,-45.141
10/09/2001,-47.398
10/08/2001,-49.500
10/05/2001,-45.114
10/04/2001,-45.933
10/03/2001,-44.544
10/02/2001,-44.883
10/01/2001,-51.050
09/28/2001,-54.383
09/27/2001,-51.805
09/26/2001,-54.005
09/25/2001,-51.884
09/24/2001,-52.411
09/21/2001,-55.842
09/20/2001,-55.582
09/19/2001,-60.091
09/18/2001,-65.664
09/17/2001,-67.126
09/14/2001,-67.022
09/13/2001,-68.075
09/12/2001,-70.453
09/11/2001,-66.046
09/10/2001,-62.342
09/07/2001,-62.155
09/06/2001,-61.570
09/05/2001,-61.877
09/04/2001,-64.392
09/03/2001,-62.913
08/31/2001,-64.558
08/30/2001,-59.849
08/29/2001,-60.646
08/28/2001,-62.167
08/27/2001,-60.885
08/24/2001,-60.885
08/23/2001,-61.703
08/22/2001,-61.460
08/21/2001,-63.039
08/20/2001,-61.985
08/17/2001,-62.200
08/16/2001,-63.607
08/15/2001,-65.223
08/14/2001,-60.828
08/13/2001,-59.779
08/10/2001,-56.967
08/09/2001,-60.138
08/08/2001,-59.898
08/07/2001,-59.319
08/06/2001,-58.554
08/03/2001,-58.679
08/02/2001,-57.487
08/01/2001,-60.221
07/31/2001,-63.491
07/30/2001,-60.737
07/27/2001,-58.882
07/26/2001,-56.655
07/25/2001,-57.926
07/24/2001,-57.424
07/23/2001,-58.361
07/20/2001,-58.250
07/19/2001,-61.094
07/18/2001,-60.456
07/17/2001,-58.647
07/16/2001,-58.818
07/13/2001,-61.947
07/12/2001,-62.898
07/11/2001,-62.091
07/10/2001,-62.339
07/09/2001,-63.653
07/06/2001,-62.693
07/05/2001,-62.575
07/04/2001,-61.715
07/03/2001,-56.530
07/02/2001,-63.362
06/29/2001,-68.732
06/28/2001,-67.606
06/27/2001,-70.358
06/26/2001,-72.757
06/25/2001,-74.172
06/22/2001,-71.264
06/21/2001,-67.502
06/20/2001,-69.411
06/19/2001,-68.932
06/18/2001,-66.739
06/15/2001,-66.888
06/14/2001,-66.290
06/13/2001,-66.167
06/12/2001,-66.492
06/11/2001,-65.307
06/08/2001,-65.233
06/07/2001,-68.458
06/06/2001,-70.246
06/05/2001,-68.022
06/04/2001,-69.126
06/01/2001,-68.720
05/31/2001,-70.789
05/30/2001,-68.473
05/29/2001,-70.742
05/28/2001,-71.019
05/25/2001,-71.019
05/24/2001,-71.729
05/23/2001,-72.402
05/22/2001,-71.715
05/21/2001,-71.802
05/18/2001,-74.386
05/17/2001,-70.631
05/16/2001,-71.320
05/15/2001,-70.546
05/14/2001,-73.336
05/11/2001,-72.456
05/10/2001,-71.879
05/09/2001,-71.722
05/08/2001,-70.720
05/07/2001,-72.863
05/04/2001,-72.863
05/03/2001,-70.702
05/02/2001,-72.740
05/01/2001,-72.631
04/30/2001,-76.048
04/27/2001,-77.792
04/26/2001,-79.023
04/25/2001,-80.245
04/24/2001,-78.937
04/23/2001,-78.520
04/20/2001,-78.835
04/19/2001,-76.634
04/18/2001,-76.634
04/17/2001,-78.751
04/16/2001,-77.842
04/13/2001,-77.842
04/12/2001,-77.842
04/11/2001,-83.691
04/10/2001,-80.986
04/09/2001,-80.992
04/06/2001,-78.557
04/05/2001,-79.871
04/04/2001,-78.684
04/03/2001,-79.232
04/02/2001,-76.604
03/30/2001,-79.344
03/29/2001,-81.394
03/28/2001,-84.056
03/27/2001,-84.475
03/26/2001,-82.561
03/23/2001,-85.754
03/22/2001,-83.516
03/21/2001,-86.650
03/20/2001,-89.252
03/19/2001,-88.585
03/16/2001,-90.522
03/15/2001,-90.100
03/14/2001,-92.172
03/13/2001,-89.779
03/12/2001,-85.363
03/09/2001,-88.231
03/08/2001,-92.240
03/07/2001,-95.983
03/06/2001,-100.124
03/05/2001,-100.692
03/02/2001,-99.842
03/01/2001,-99.664
02/28/2001,-98.083
02/27/2001,-99.328
02/26/2001,-98.071
02/23/2001,-99.598
02/22/2001,-98.543
02/21/2001,-95.634
02/20/2001,-94.449
02/19/2001,-94.104
02/16/2001,-91.153
02/15/2001,-90.470
02/14/2001,-88.427
02/13/2001,-87.308
02/12/2001,-88.857
02/09/2001,-90.948
02/08/2001,-92.403
02/07/2001,-93.653
02/06/2001,-92.786
02/05/2001,-91.707
02/02/2001,-94.502
02/01/2001,-93.581
01/31/2001,-97.573
01/30/2001,-96.114
01/29/2001,-96.868
01/26/2001,-101.691
01/25/2001,-102.869
01/24/2001,-102.429
01/23/2001,-101.739
01/22/2001,-103.670
01/19/2001,-102.972
01/18/2001,-99.436
01/17/2001,-106.022
01/16/2001,-103.329
01/15/2001,-102.941
01/12/2001,-105.013
01/11/2001,-104.375
01/10/2001,-102.341
01/09/2001,-98.760
01/08/2001,-99.183
01/05/2001,-100.777
01/04/2001,-102.043
01/03/2001,-108.397
01/02/2001,-104.102
01/01/2001,-110.401
12/29/2000,-110.401
12/28/2000,-107.466
12/27/2000,-106.649
12/26/2000,-105.086
12/25/2000,-105.086
12/22/2000,-105.086
12/21/2000,-103.535
12/20/2000,-101.631
12/19/2000,-103.624
12/18/2000,-103.047
12/15/2000,-111.239
12/14/2000,-110.922
12/13/2000,-107.153
12/12/2000,-100.466
12/11/2000,-99.313
12/08/2000,-98.235
12/07/2000,-101.055
12/06/2000,-100.975
12/05/2000,-99.178
12/04/2000,-102.869
12/01/2000,-104.179
11/30/2000,-104.927
11/29/2000,-100.950
11/28/2000,-104.730
11/27/2000,-109.701
11/24/2000,-111.885
11/23/2000,-114.068
11/22/2000,-115.227
11/21/2000,-112.992
11/20/2000,-108.797
11/17/2000,-109.542
11/16/2000,-108.811
11/15/2000,-108.163
11/14/2000,-109.510
11/13/2000,-113.376
11/10/2000,-111.720
11/09/2000,-111.219
11/08/2000,-105.654
11/07/2000,-102.259
11/06/2000,-101.798
11/03/2000,-104.770
11/02/2000,-105.085
11/01/2000,-108.584
10/31/2000,-111.102
10/30/2000,-110.040
10/27/2000,-114.102
10/26/2000,-113.837
10/25/2000,-115.592
10/24/2000,-111.478
10/23/2000,-113.056
10/20/2000,-114.501
10/19/2000,-115.195
10/18/2000,-117.687
10/17/2000,-119.157
10/16/2000,-118.705
10/13/2000,-119.925
10/12/2000,-124.758
10/11/2000,-118.022
10/10/2000,-115.560
10/09/2000,-117.580
10/06/2000,-117.756
10/05/2000,-118.482
10/04/2000,-118.485
10/03/2000,-124.431
10/02/2000,-125.111
09/29/2000,-126.796
09/28/2000,-123.959
09/27/2000,-122.271
09/26/2000,-125.172
09/25/2000,-128.166
09/22/2000,-131.019
09/21/2000,-131.557
09/20/2000,-132.460
09/19/2000,-132.458
09/18/2000,-134.807
09/15/2000,-133.282
09/14/2000,-134.272
09/13/2000,-135.787
09/12/2000,-135.016
09/11/2000,-137.787
09/08/2000,-138.957
09/07/2000,-138.037
09/06/2000,-139.767
09/05/2000,-142.323
09/04/2000,-145.523
09/01/2000,-144.507
08/31/2000,-143.071
08/30/2000,-142.791
08/29/2000,-144.237
08/28/2000,-140.940
08/25/2000,-140.940
08/24/2000,-139.767
08/23/2000,-138.396
08/22/2000,-135.680
08/21/2000,-135.448
08/18/2000,-136.403
08/17/2000,-136.912
08/16/2000,-141.512
08/15/2000,-144.380
08/14/2000,-146.061
08/11/2000,-143.130
08/10/2000,-143.080
08/09/2000,-144.222
08/08/2000,-145.669
08/07/2000,-142.071
08/04/2000,-141.766
08/03/2000,-143.702
08/02/2000,-142.471
08/01/2000,-141.773
07/31/2000,-146.702
07/28/2000,-146.376
07/27/2000,-146.444
07/26/2000,-150.281
07/25/2000,-138.984
07/24/2000,-134.846
07/21/2000,-138.352
07/20/2000,-142.306
07/19/2000,-142.808
07/18/2000,-142.490
07/17/2000,-142.705
07/14/2000,-145.829
07/13/2000,-144.534
07/12/2000,-148.045
07/11/2000,-153.728
07/10/2000,-152.398
07/07/2000,-151.940
07/06/2000,-152.813
07/05/2000,-149.831
07/04/2000,-157.821
07/03/2000,-159.105
06/30/2000,-158.869
06/29/2000,-159.294
06/28/2000,-158.741
06/27/2000,-163.112
06/26/2000,-172.388
06/23/2000,-175.082
06/22/2000,-180.415
06/21/2000,-166.542
06/20/2000,-159.086
06/19/2000,-151.958
06/16/2000,-152.689
06/15/2000,-149.163
06/14/2000,-150.512
06/13/2000,-150.771
06/12/2000,-152.720
06/09/2000,-155.104
06/08/2000,-154.418
06/07/2000,-156.033
06/06/2000,-154.576
06/05/2000,-150.577
06/02/2000,-154.667
06/01/2000,-153.639
05/31/2000,-154.436
05/30/2000,-156.435
05/29/2000,-153.810
05/26/2000,-153.810
05/25/2000,-149.088
05/24/2000,-148.860
05/23/2000,-150.284
05/22/2000,-152.319
05/19/2000,-150.618
05/18/2000,-150.811
05/17/2000,-151.795
05/16/2000,-157.096
05/15/2000,-156.073
05/12/2000,-157.211
05/11/2000,-162.246
05/10/2000,-155.952
05/09/2000,-156.994
05/08/2000,-154.793
05/05/2000,-157.446
05/04/2000,-158.637
05/03/2000,-156.639
05/02/2000,-146.775
05/01/2000,-145.289
04/28/2000,-145.289
04/27/2000,-138.534
04/26/2000,-133.703
04/25/2000,-129.979
04/24/2000,-127.858
04/21/2000,-127.858
04/20/2000,-127.858
04/19/2000,-127.339
04/18/2000,-127.099
04/17/2000,-127.134
04/14/2000,-126.343
04/13/2000,-123.331
04/12/2000,-127.136
04/11/2000,-127.831
04/10/2000,-124.004
04/07/2000,-124.140
04/06/2000,-124.338
04/05/2000,-130.121
04/04/2000,-127.363
04/03/2000,-127.174
03/31/2000,-126.540
03/30/2000,-130.557
03/29/2000,-125.898
03/28/2000,-126.113
03/27/2000,-127.580
03/24/2000,-127.295
03/23/2000,-129.988
03/22/2000,-131.408
03/21/2000,-131.866
03/20/2000,-129.219
03/17/2000,-127.965
03/16/2000,-128.042
03/15/2000,-127.682
03/14/2000,-122.946
03/13/2000,-120.405
03/10/2000,-120.051
03/09/2000,-122.224
03/08/2000,-125.980
03/07/2000,-127.328
03/06/2000,-126.967
03/03/2000,-127.576
03/02/2000,-128.526
03/01/2000,-126.089
02/29/2000,-123.345
02/28/2000,-128.736
02/25/2000,-128.858
02/24/2000,-125.921
02/23/2000,-126.435
02/22/2000,-126.661
02/21/2000,-128.426
02/18/2000,-126.317
02/17/2000,-123.647
02/16/2000,-121.588
02/15/2000,-122.006
02/14/2000,-119.131
02/11/2000,-119.315
02/10/2000,-124.266
02/09/2000,-125.694
02/08/2000,-128.311
02/07/2000,-128.991
02/04/2000,-130.772
02/03/2000,-127.375
02/02/2000,-123.596
02/01/2000,-124.156
01/31/2000,-125.866
01/28/2000,-118.409
01/27/2000,-112.899
01/26/2000,-115.814
01/25/2000,-119.083
01/24/2000,-111.949
01/21/2000,-113.049
01/20/2000,-118.310
01/19/2000,-111.648
01/18/2000,-111.777
01/17/2000,-112.475
01/14/2000,-116.133
01/13/2000,-111.895
01/12/2000,-107.654
01/11/2000,-110.835
01/10/2000,-115.488
01/07/2000,-115.783
01/06/2000,-114.603
01/05/2000,-110.278
01/04/2000,-112.609
01/03/2000,-110.414
12/31/1999,-110.414
12/30/1999,-110.414
12/29/1999,-112.467
12/28/1999,-116.237
12/27/1999,-116.237
12/24/1999,-116.237
12/23/1999,-116.736
12/22/1999,-115.342
12/21/1999,-115.652
12/20/1999,-114.885
12/17/1999,-112.288
12/16/1999,-113.889
12/15/1999,-118.510
12/14/1999,-116.572
12/13/1999,-118.532
12/10/1999,-115.028
12/09/1999,-116.184
12/08/1999,-115.446
12/07/1999,-113.520
12/06/1999,-110.039
12/03/1999,-111.853
12/02/1999,-118.328
12/01/1999,-121.739
11/30/1999,-120.393
11/29/1999,-124.232
11/26/1999,-129.037
11/25/1999,-127.837
11/24/1999,-125.741
11/23/1999,-127.296
11/22/1999,-125.016
11/19/1999,-128.884
11/18/1999,-125.374
11/17/1999,-125.019
11/16/1999,-125.566
11/15/1999,-120.909
11/12/1999,-116.953
11/11/1999,-116.228
11/10/1999,-114.653
11/09/1999,-114.489
11/08/1999,-107.388
11/05/1999,-112.937
11/04/1999,-116.763
11/03/1999,-114.502
11/02/1999,-120.303
11/01/1999,-117.858
10/29/1999,-118.434
10/28/1999,-115.600
10/27/1999,-117.420
10/26/1999,-115.956
10/25/1999,-112.965
10/22/1999,-112.380
10/21/1999,-112.540
10/20/1999,-111.300
10/19/1999,-111.868
10/18/1999,-109.120
10/15/1999,-105.792
10/14/1999,-105.130
10/13/1999,-105.185
10/12/1999,-105.698
10/11/1999,-109.579
10/08/1999,-109.626
10/07/1999,-110.359
10/06/1999,-104.472
10/05/1999,-105.446
10/04/1999,-110.544
10/01/1999,-109.081
09/30/1999,-104.067
09/29/1999,-101.871
09/28/1999,-102.694
09/27/1999,-105.671
09/24/1999,-98.404
09/23/1999,-92.783
09/22/1999,-89.234
09/21/1999,-90.489
09/20/1999,-98.663
09/17/1999,-98.351
09/16/1999,-99.909
09/15/1999,-101.556
09/14/1999,-102.755
09/13/1999,-100.372
09/10/1999,-95.502
09/09/1999,-99.259
09/08/1999,-92.614
09/07/1999,-97.984
09/06/1999,-96.026
09/03/1999,-96.451
09/02/1999,-94.963
09/01/1999,-95.501
08/31/1999,-100.041
08/30/1999,-95.499
08/27/1999,-95.499
08/26/1999,-95.339
08/25/1999,-105.637
08/24/1999,-103.495
08/23/1999,-99.591
08/20/1999,-98.572
08/19/1999,-94.481
08/18/1999,-96.964
08/17/1999,-97.742
08/16/1999,-92.636
08/13/1999,-99.105
08/12/1999,-98.567
08/11/1999,-89.706
08/10/1999,-82.240
08/09/1999,-87.567
08/06/1999,-107.907
08/05/1999,-97.465
08/04/1999,-105.145
08/03/1999,-102.162
08/02/1999,-104.043
07/30/1999,-101.369
07/29/1999,-94.941
07/28/1999,-96.588
07/27/1999,-99.423
07/26/1999,-99.165
07/23/1999,-96.651
07/22/1999,-97.016
07/21/1999,-100.808
07/20/1999,-103.473
07/19/1999,-102.958
07/16/1999,-101.152
07/15/1999,-98.152
07/14/1999,-97.886
07/13/1999,-96.348
07/12/1999,-91.377
07/09/1999,-88.504
07/08/1999,-88.763
07/07/1999,-92.134
07/06/1999,-86.641
07/05/1999,-86.050
07/02/1999,-89.634
07/01/1999,-87.970
06/30/1999,-99.795
06/29/1999,-92.329
06/28/1999,-94.493
06/25/1999,-94.351
06/24/1999,-98.439
06/23/1999,-93.075
06/22/1999,-93.416
06/21/1999,-91.793
06/18/1999,-89.932
06/17/1999,-90.215
06/16/1999,-88.983
06/15/1999,-92.210
06/14/1999,-94.195
06/11/1999,-95.291
06/10/1999,-97.690
06/09/1999,-96.411
06/08/1999,-96.164
06/07/1999,-95.563
06/04/1999,-93.899
06/03/1999,-93.586
06/02/1999,-101.827
06/01/1999,-103.869
05/31/1999,-97.133
05/28/1999,-97.133
05/27/1999,-95.145
05/26/1999,-94.622
05/25/1999,-95.502
05/24/1999,-96.910
05/21/1999,-95.995
05/20/1999,-97.243
05/19/1999,-93.773
05/18/1999,-94.282
05/17/1999,-93.119
05/14/1999,-92.907
05/13/1999,-91.130
05/12/1999,-88.134
05/11/1999,-87.020
05/10/1999,-90.927
05/07/1999,-90.314
05/06/1999,-89.393
05/05/1999,-87.340
05/04/1999,-87.807
05/03/1999,-90.110
04/30/1999,-90.110
04/29/1999,-88.731
04/28/1999,-87.130
04/27/1999,-90.758
04/26/1999,-93.104
04/23/1999,-92.861
